[
{
  "model": "foodcartapp.restaurant",
  "pk": 1,
  "fields": {
    "name": "Star Burger Арбат",
    "address": "Москва, ул. Новый Арбат, 15",
    "contact_phone": "+7 (967) 157-44-13"
  }
},
{
  "model": "foodcartapp.restaurant",
  "pk": 2,
  "fields": {
    "name": "Star Burger Цветной",
    "address": "Москва, Цветной бульвар, 11с2",
    "contact_phone": "+7 (929) 949-55-36"
  }
},
{
  "model": "foodcartapp.restaurant",
  "pk": 3,
  "fields": {
    "name": "Star Burger Европейский",
    "address": "Москва, пл. Киевского Вокзала, 2",
    "contact_phone": "+7 (929) 680-47-58"
  }
},
{
  "model": "foodcartapp.productcategory",
  "pk": 1,
  "fields": {
    "name": "Бургер"
  }
},
{
  "model": "foodcartapp.productcategory",
  "pk": 2,
  "fields": {
    "name": "Ролл"
  }
},
{
  "model": "foodcartapp.product",
  "pk": 1,
  "fields": {
    "name": "Стейкхаус",
    "category": 1,
    "price": "269.00",
    "image": "steak.jpg",
    "special_status": false,
    "description": "Стейкхаус – это сочетание нашей фирменной, приготовленной на огне 100% говядины с ломтиками бекона и соусом «Барбекю», майонезом, листьями свежего салата, помидором и хрустящим луком на воздушной було"
  }
},
{
  "model": "foodcartapp.product",
  "pk": 2,
  "fields": {
    "name": "Лонг Чизбургер",
    "category": 1,
    "price": "219.00",
    "image": "long_chiz.jpg",
    "special_status": false,
    "description": "Лонг Чизбургер – эталон в коллекции чизбургеров! Два приготовленных на огне бифштекса с двумя ломтиками слегка расплавленного сыра, хрустящими огурчиками, рубленым луком, горчицей и кетчупом на длинно"
  }
},
{
  "model": "foodcartapp.product",
  "pk": 3,
  "fields": {
    "name": "Тройной Воппер",
    "category": 1,
    "price": "369.00",
    "image": "triple_vopper.jpg",
    "special_status": false,
    "description": "ВОППЕР® — это вкуснейшая приготовленная на огне 100% говядина с сочными помидорами, свежим нарезанным листовым салатом, густым майонезом, хрустящими маринованными огурчиками и свежим луком на нежной б"
  }
},
{
  "model": "foodcartapp.product",
  "pk": 4,
  "fields": {
    "name": "Беконайзер",
    "category": 1,
    "price": "319.00",
    "image": "beconizer.jpg",
    "special_status": false,
    "description": "Встречай самый внушительный бургер в коллекции Бургер Кинг. Много мяса, много бекона и много сыра - все, как ты любишь, и ничего лишнего!"
  }
},
{
  "model": "foodcartapp.product",
  "pk": 5,
  "fields": {
    "name": "Фиш Ролл",
    "category": 2,
    "price": "199.00",
    "image": "fish_roll.jpg",
    "special_status": false,
    "description": "Наш новый ролл с аппетитной котлеткой из филе белой рыбы, с фирменным соусом, маринованными огурчиками и хрустящим салатом. Легкое рыбное удовольствие!"
  }
},
{
  "model": "foodcartapp.product",
  "pk": 6,
  "fields": {
    "name": "Шримп Ролл",
    "category": 2,
    "price": "289.00",
    "image": "shrimp_roll.jpg",
    "special_status": false,
    "description": "Легкий ролл с нежными королевскими креветками в хрустящей панировке, свежий салат Айсберг и ломтик сыра в пшеничной лепешке под фирменным соусом «Кинг». Внимание! Блюдо содержит аллергены – морепродук"
  }
},
{
  "model": "foodcartapp.restaurantmenuitem",
  "pk": 1,
  "fields": {
    "restaurant": 3,
    "product": 1,
    "availability": true
  }
},
{
  "model": "foodcartapp.restaurantmenuitem",
  "pk": 2,
  "fields": {
    "restaurant": 3,
    "product": 2,
    "availability": true
  }
},
{
  "model": "foodcartapp.restaurantmenuitem",
  "pk": 3,
  "fields": {
    "restaurant": 3,
    "product": 3,
    "availability": true
  }
},
{
  "model": "foodcartapp.restaurantmenuitem",
  "pk": 4,
  "fields": {
    "restaurant": 3,
    "product": 4,
    "availability": true
  }
},
{
  "model": "foodcartapp.restaurantmenuitem",
  "pk": 5,
  "fields": {
    "restaurant": 3,
    "product": 5,
    "availability": true
  }
},
{
  "model": "foodcartapp.restaurantmenuitem",
  "pk": 6,
  "fields": {
    "restaurant": 1,
    "product": 6,
    "availability": true
  }
},
{
  "model": "foodcartapp.restaurantmenuitem",
  "pk": 7,
  "fields": {
    "restaurant": 2,
    "product": 1,
    "availability": true
  }
},
{
  "model": "foodcartapp.restaurantmenuitem",
  "pk": 8,
  "fields": {
    "restaurant": 2,
    "product": 4,
    "availability": true
  }
},
{
  "model": "foodcartapp.restaurantmenuitem",
  "pk": 9,
  "fields": {
    "restaurant": 2,
    "product": 6,
    "availability": true
  }
},
{
  "model": "foodcartapp.restaurantmenuitem",
  "pk": 10,
  "fields": {
    "restaurant": 1,
    "product": 2,
    "availability": true
  }
},
{
  "model": "foodcartapp.restaurantmenuitem",
  "pk": 11,
  "fields": {
    "restaurant": 1,
    "product": 4,
    "availability": true
  }
},
{
  "model": "foodcartapp.restaurantmenuitem",
  "pk": 12,
  "fields": {
    "restaurant": 1,
    "product": 5,
    "availability": true
  }
},
{
  "model": "foodcartapp.order",
  "pk": 1,
  "fields": {
    "address": "Москва, ул. Новый Арбат, 1515",
    "firstname": "Юрий",
    "lastname": "О",
    "phonenumber": "+79259990011",
    "status": "Выполнен",
    "comment": "",
    "registered_datetime": "2023-06-23T10:30:55.626Z",
    "called_datetime": null,
    "delivered_datetime": null,
    "payment_method": "Электронно",
    "selected_restaurant": null
  }
},
{
  "model": "foodcartapp.order",
  "pk": 3,
  "fields": {
    "address": "Москва, Цветной бульвар, 2",
    "firstname": "Юрий777",
    "lastname": "О21",
    "phonenumber": "+79259990066",
    "status": "Уточняется",
    "comment": "С бонусом!!!",
    "registered_datetime": "2023-06-23T10:30:55Z",
    "called_datetime": null,
    "delivered_datetime": null,
    "payment_method": "Наличные",
    "selected_restaurant": null
  }
},
{
  "model": "foodcartapp.order",
  "pk": 36,
  "fields": {
    "address": "Москва, Три топора",
    "firstname": "777",
    "lastname": "777",
    "phonenumber": "+79259404665",
    "status": "Доставляется",
    "comment": "12345",
    "registered_datetime": "2023-06-23T10:30:55Z",
    "called_datetime": null,
    "delivered_datetime": null,
    "payment_method": "Электронно",
    "selected_restaurant": null
  }
},
{
  "model": "foodcartapp.order",
  "pk": 37,
  "fields": {
    "address": "Санкт-Петербург, зимний дворец",
    "firstname": "111",
    "lastname": "111",
    "phonenumber": "+79259404665",
    "status": "Уточняется",
    "comment": "",
    "registered_datetime": "2023-06-23T10:30:55Z",
    "called_datetime": null,
    "delivered_datetime": null,
    "payment_method": "Электронно",
    "selected_restaurant": null
  }
},
{
  "model": "foodcartapp.order",
  "pk": 39,
  "fields": {
    "address": "Москва, Новый Арбат 10",
    "firstname": "Тимур",
    "lastname": "Иванов",
    "phonenumber": "+79259404366",
    "status": "Собирается",
    "comment": "что то важное",
    "registered_datetime": "2023-06-23T10:30:55Z",
    "called_datetime": null,
    "delivered_datetime": null,
    "payment_method": "Электронно",
    "selected_restaurant": 2
  }
},
{
  "model": "foodcartapp.order",
  "pk": 41,
  "fields": {
    "address": "???",
    "firstname": "Иван",
    "lastname": "Петров",
    "phonenumber": "+79291000000",
    "status": "Уточняется",
    "comment": "",
    "registered_datetime": "2023-06-23T10:30:55Z",
    "called_datetime": null,
    "delivered_datetime": null,
    "payment_method": "Электронно",
    "selected_restaurant": null
  }
},
{
  "model": "foodcartapp.order",
  "pk": 45,
  "fields": {
    "address": "Москва, Митинский рынок",
    "firstname": "Пупкин",
    "lastname": "Петров",
    "phonenumber": "+79291000000",
    "status": "Доставляется",
    "comment": "",
    "registered_datetime": "2023-06-23T10:30:55Z",
    "called_datetime": null,
    "delivered_datetime": null,
    "payment_method": "Электронно",
    "selected_restaurant": null
  }
},
{
  "model": "foodcartapp.order",
  "pk": 46,
  "fields": {
    "address": "Туапсе, вокзал",
    "firstname": "45Пупкин",
    "lastname": "Петров",
    "phonenumber": "+79291000000",
    "status": "Уточняется",
    "comment": "",
    "registered_datetime": "2023-06-23T10:30:55Z",
    "called_datetime": null,
    "delivered_datetime": null,
    "payment_method": "Электронно",
    "selected_restaurant": null
  }
},
{
  "model": "foodcartapp.order",
  "pk": 47,
  "fields": {
    "address": "Москва, Липовый, 7",
    "firstname": "Петр",
    "lastname": "Чесноков",
    "phonenumber": "+79291000000",
    "status": "Уточняется",
    "comment": "",
    "registered_datetime": "2023-06-23T10:30:55Z",
    "called_datetime": null,
    "delivered_datetime": null,
    "payment_method": "Электронно",
    "selected_restaurant": null
  }
},
{
  "model": "foodcartapp.order",
  "pk": 48,
  "fields": {
    "address": "Москва, Тухачевского, 45",
    "firstname": "Вася",
    "lastname": "Коляныч",
    "phonenumber": "+79259404665",
    "status": "Уточняется",
    "comment": "без помидоров!!!",
    "registered_datetime": "2023-06-23T10:30:55Z",
    "called_datetime": null,
    "delivered_datetime": null,
    "payment_method": "Электронно",
    "selected_restaurant": null
  }
},
{
  "model": "foodcartapp.order",
  "pk": 49,
  "fields": {
    "address": "Москва,  Монаховой, 84к1",
    "firstname": "123",
    "lastname": "123",
    "phonenumber": "+79259404665",
    "status": "Уточняется",
    "comment": "",
    "registered_datetime": "2023-06-23T10:32:11Z",
    "called_datetime": null,
    "delivered_datetime": null,
    "payment_method": "Наличные",
    "selected_restaurant": null
  }
},
{
  "model": "foodcartapp.order",
  "pk": 60,
  "fields": {
    "address": "Лондон2345",
    "firstname": "Василий",
    "lastname": "Васильевич",
    "phonenumber": "+79123456789",
    "status": "Уточняется",
    "comment": "",
    "registered_datetime": "2023-07-11T20:48:19Z",
    "called_datetime": null,
    "delivered_datetime": null,
    "payment_method": "Не указано",
    "selected_restaurant": null
  }
},
{
  "model": "foodcartapp.order",
  "pk": 61,
  "fields": {
    "address": "Лондон2345",
    "firstname": "Василий",
    "lastname": "Васильевич",
    "phonenumber": "+79123456789",
    "status": "Уточняется",
    "comment": "",
    "registered_datetime": "2023-07-12T17:49:51.768Z",
    "called_datetime": null,
    "delivered_datetime": null,
    "payment_method": "Не указано",
    "selected_restaurant": null
  }
},
{
  "model": "foodcartapp.orderitem",
  "pk": 1,
  "fields": {
    "order": 1,
    "product": 1,
    "quantity": 2,
    "product_fix_price": "289.00"
  }
},
{
  "model": "foodcartapp.orderitem",
  "pk": 2,
  "fields": {
    "order": 1,
    "product": 2,
    "quantity": 1,
    "product_fix_price": "289.00"
  }
},
{
  "model": "foodcartapp.orderitem",
  "pk": 3,
  "fields": {
    "order": 3,
    "product": 1,
    "quantity": 3,
    "product_fix_price": "300.00"
  }
},
{
  "model": "foodcartapp.orderitem",
  "pk": 37,
  "fields": {
    "order": 36,
    "product": 1,
    "quantity": 111,
    "product_fix_price": "289.00"
  }
},
{
  "model": "foodcartapp.orderitem",
  "pk": 38,
  "fields": {
    "order": 36,
    "product": 6,
    "quantity": 15,
    "product_fix_price": "289.00"
  }
},
{
  "model": "foodcartapp.orderitem",
  "pk": 39,
  "fields": {
    "order": 37,
    "product": 1,
    "quantity": -111,
    "product_fix_price": "289.00"
  }
},
{
  "model": "foodcartapp.orderitem",
  "pk": 40,
  "fields": {
    "order": 37,
    "product": 6,
    "quantity": 15,
    "product_fix_price": "289.00"
  }
},
{
  "model": "foodcartapp.orderitem",
  "pk": 41,
  "fields": {
    "order": 39,
    "product": 1,
    "quantity": 1,
    "product_fix_price": "289.00"
  }
},
{
  "model": "foodcartapp.orderitem",
  "pk": 42,
  "fields": {
    "order": 41,
    "product": 6,
    "quantity": 1,
    "product_fix_price": "289.00"
  }
},
{
  "model": "foodcartapp.orderitem",
  "pk": 43,
  "fields": {
    "order": 45,
    "product": 3,
    "quantity": 8,
    "product_fix_price": "289.00"
  }
},
{
  "model": "foodcartapp.orderitem",
  "pk": 44,
  "fields": {
    "order": 46,
    "product": 3,
    "quantity": 8,
    "product_fix_price": "289.00"
  }
},
{
  "model": "foodcartapp.orderitem",
  "pk": 45,
  "fields": {
    "order": 47,
    "product": 4,
    "quantity": 20,
    "product_fix_price": "289.00"
  }
},
{
  "model": "foodcartapp.orderitem",
  "pk": 46,
  "fields": {
    "order": 48,
    "product": 6,
    "quantity": 5,
    "product_fix_price": "90.00"
  }
},
{
  "model": "foodcartapp.orderitem",
  "pk": 47,
  "fields": {
    "order": 47,
    "product": 1,
    "quantity": 5,
    "product_fix_price": "289.00"
  }
},
{
  "model": "foodcartapp.orderitem",
  "pk": 48,
  "fields": {
    "order": 47,
    "product": 3,
    "quantity": 1,
    "product_fix_price": "289.00"
  }
},
{
  "model": "foodcartapp.orderitem",
  "pk": 53,
  "fields": {
    "order": 49,
    "product": 5,
    "quantity": 2,
    "product_fix_price": "199.00"
  }
},
{
  "model": "foodcartapp.orderitem",
  "pk": 54,
  "fields": {
    "order": 3,
    "product": 2,
    "quantity": 2,
    "product_fix_price": "305.00"
  }
},
{
  "model": "foodcartapp.orderitem",
  "pk": 55,
  "fields": {
    "order": 3,
    "product": 6,
    "quantity": 0,
    "product_fix_price": "319.00"
  }
},
{
  "model": "foodcartapp.orderitem",
  "pk": 56,
  "fields": {
    "order": 39,
    "product": 2,
    "quantity": 2,
    "product_fix_price": "219.00"
  }
},
{
  "model": "foodcartapp.orderitem",
  "pk": 66,
  "fields": {
    "order": 60,
    "product": 1,
    "quantity": 2,
    "product_fix_price": "269.00"
  }
},
{
  "model": "foodcartapp.orderitem",
  "pk": 67,
  "fields": {
    "order": 60,
    "product": 2,
    "quantity": 22,
    "product_fix_price": null
  }
},
{
  "model": "foodcartapp.orderitem",
  "pk": 68,
  "fields": {
    "order": 61,
    "product": 1,
    "quantity": 1,
    "product_fix_price": "269.00"
  }
},
{
  "model": "foodcartapp.orderitem",
  "pk": 69,
  "fields": {
    "order": 61,
    "product": 2,
    "quantity": 22,
    "product_fix_price": "219.00"
  }
},
{
  "model": "coordinates.location",
  "pk": 39,
  "fields": {
    "address": "Москва, Цветной бульвар, 2",
    "lat": 55.768025,
    "lon": 37.623483,
    "updated_datetime": "2023-07-08T14:46:31.610Z"
  }
},
{
  "model": "coordinates.location",
  "pk": 40,
  "fields": {
    "address": "Санкт-Петербург, зимний дворец",
    "lat": 59.940898,
    "lon": 30.319542,
    "updated_datetime": "2023-07-08T14:46:32.568Z"
  }
},
{
  "model": "coordinates.location",
  "pk": 41,
  "fields": {
    "address": "Москва, Цветной бульвар, 11с2",
    "lat": 55.770076,
    "lon": 37.620429,
    "updated_datetime": "2023-07-08T14:46:33.510Z"
  }
},
{
  "model": "coordinates.location",
  "pk": 43,
  "fields": {
    "address": "Москва, ул. Новый Арбат, 15",
    "lat": 55.752141,
    "lon": 37.59242,
    "updated_datetime": "2023-07-08T14:46:34.950Z"
  }
},
{
  "model": "coordinates.location",
  "pk": 44,
  "fields": {
    "address": "Туапсе, вокзал",
    "lat": 44.095245,
    "lon": 39.073382,
    "updated_datetime": "2023-07-08T14:46:35.840Z"
  }
},
{
  "model": "coordinates.location",
  "pk": 45,
  "fields": {
    "address": "Москва, пл. Киевского Вокзала, 2",
    "lat": 55.744637,
    "lon": 37.566072,
    "updated_datetime": "2023-07-08T14:46:36.811Z"
  }
},
{
  "model": "coordinates.location",
  "pk": 46,
  "fields": {
    "address": "Москва, Липовый, 7",
    "lat": 55.567606,
    "lon": 37.484676,
    "updated_datetime": "2023-07-08T14:46:37.546Z"
  }
},
{
  "model": "coordinates.location",
  "pk": 47,
  "fields": {
    "address": "Москва, Тухачевского, 45",
    "lat": 55.784015,
    "lon": 37.466098,
    "updated_datetime": "2023-07-08T14:46:38.912Z"
  }
},
{
  "model": "coordinates.location",
  "pk": 48,
  "fields": {
    "address": "Москва,  Монаховой, 84к1",
    "lat": 55.545589,
    "lon": 37.48322,
    "updated_datetime": "2023-07-08T14:46:40.016Z"
  }
},
{
  "model": "coordinates.location",
  "pk": 49,
  "fields": {
    "address": "Москва, Новый Арбат 10",
    "lat": 55.753154,
    "lon": 37.594045,
    "updated_datetime": "2023-07-08T14:46:41.244Z"
  }
},
{
  "model": "coordinates.location",
  "pk": 50,
  "fields": {
    "address": "Москва, Три топора",
    "lat": 55.755819,
    "lon": 37.617644,
    "updated_datetime": "2023-07-08T14:46:42.265Z"
  }
},
{
  "model": "coordinates.location",
  "pk": 51,
  "fields": {
    "address": "Москва, Митинский рынок",
    "lat": 55.847836,
    "lon": 37.351222,
    "updated_datetime": "2023-07-08T14:46:43.160Z"
  }
},
{
  "model": "coordinates.location",
  "pk": 52,
  "fields": {
    "address": "Лондон",
    "lat": 51.507351,
    "lon": -0.127696,
    "updated_datetime": "2023-07-11T17:34:10.903Z"
  }
},
{
  "model": "admin.logentry",
  "pk": 1,
  "fields": {
    "action_time": "2023-06-13T08:00:13.463Z",
    "user": 1,
    "content_type": 4,
    "object_id": "1",
    "object_repr": "Бургер",
    "action_flag": 1,
    "change_message": "[{\"added\": {}}]"
  }
},
{
  "model": "admin.logentry",
  "pk": 2,
  "fields": {
    "action_time": "2023-06-13T08:02:28.622Z",
    "user": 1,
    "content_type": 1,
    "object_id": "1",
    "object_repr": "Стейкхаус",
    "action_flag": 1,
    "change_message": "[{\"added\": {}}]"
  }
},
{
  "model": "admin.logentry",
  "pk": 3,
  "fields": {
    "action_time": "2023-06-13T08:03:52.021Z",
    "user": 1,
    "content_type": 1,
    "object_id": "2",
    "object_repr": "Лонг Чизбургер",
    "action_flag": 1,
    "change_message": "[{\"added\": {}}]"
  }
},
{
  "model": "admin.logentry",
  "pk": 4,
  "fields": {
    "action_time": "2023-06-13T08:04:25.945Z",
    "user": 1,
    "content_type": 1,
    "object_id": "3",
    "object_repr": "Тройной Воппер",
    "action_flag": 1,
    "change_message": "[{\"added\": {}}]"
  }
},
{
  "model": "admin.logentry",
  "pk": 5,
  "fields": {
    "action_time": "2023-06-13T08:04:54.698Z",
    "user": 1,
    "content_type": 1,
    "object_id": "4",
    "object_repr": "Беконайзер",
    "action_flag": 1,
    "change_message": "[{\"added\": {}}]"
  }
},
{
  "model": "admin.logentry",
  "pk": 6,
  "fields": {
    "action_time": "2023-06-13T08:05:10.576Z",
    "user": 1,
    "content_type": 4,
    "object_id": "2",
    "object_repr": "Ролл",
    "action_flag": 1,
    "change_message": "[{\"added\": {}}]"
  }
},
{
  "model": "admin.logentry",
  "pk": 7,
  "fields": {
    "action_time": "2023-06-13T08:05:27.589Z",
    "user": 1,
    "content_type": 1,
    "object_id": "5",
    "object_repr": "Фиш Ролл",
    "action_flag": 1,
    "change_message": "[{\"added\": {}}]"
  }
},
{
  "model": "admin.logentry",
  "pk": 8,
  "fields": {
    "action_time": "2023-06-13T08:06:17.068Z",
    "user": 1,
    "content_type": 1,
    "object_id": "6",
    "object_repr": "Шримп Ролл",
    "action_flag": 1,
    "change_message": "[{\"added\": {}}]"
  }
},
{
  "model": "admin.logentry",
  "pk": 9,
  "fields": {
    "action_time": "2023-06-13T08:06:50.977Z",
    "user": 1,
    "content_type": 2,
    "object_id": "1",
    "object_repr": "Star Burger Арбат",
    "action_flag": 1,
    "change_message": "[{\"added\": {}}]"
  }
},
{
  "model": "admin.logentry",
  "pk": 10,
  "fields": {
    "action_time": "2023-06-13T08:07:11.384Z",
    "user": 1,
    "content_type": 2,
    "object_id": "2",
    "object_repr": "Star Burger Цветной",
    "action_flag": 1,
    "change_message": "[{\"added\": {}}]"
  }
},
{
  "model": "admin.logentry",
  "pk": 11,
  "fields": {
    "action_time": "2023-06-13T08:07:30.866Z",
    "user": 1,
    "content_type": 2,
    "object_id": "3",
    "object_repr": "Star Burger Европейский",
    "action_flag": 1,
    "change_message": "[{\"added\": {}}]"
  }
},
{
  "model": "admin.logentry",
  "pk": 12,
  "fields": {
    "action_time": "2023-06-13T08:08:56.202Z",
    "user": 1,
    "content_type": 2,
    "object_id": "3",
    "object_repr": "Star Burger Европейский",
    "action_flag": 2,
    "change_message": "[{\"added\": {\"name\": \"\\u043f\\u0443\\u043d\\u043a\\u0442 \\u043c\\u0435\\u043d\\u044e \\u0440\\u0435\\u0441\\u0442\\u043e\\u0440\\u0430\\u043d\\u0430\", \"object\": \"Star Burger \\u0415\\u0432\\u0440\\u043e\\u043f\\u0435\\u0439\\u0441\\u043a\\u0438\\u0439 - \\u0421\\u0442\\u0435\\u0439\\u043a\\u0445\\u0430\\u0443\\u0441\"}}, {\"added\": {\"name\": \"\\u043f\\u0443\\u043d\\u043a\\u0442 \\u043c\\u0435\\u043d\\u044e \\u0440\\u0435\\u0441\\u0442\\u043e\\u0440\\u0430\\u043d\\u0430\", \"object\": \"Star Burger \\u0415\\u0432\\u0440\\u043e\\u043f\\u0435\\u0439\\u0441\\u043a\\u0438\\u0439 - \\u041b\\u043e\\u043d\\u0433 \\u0427\\u0438\\u0437\\u0431\\u0443\\u0440\\u0433\\u0435\\u0440\"}}, {\"added\": {\"name\": \"\\u043f\\u0443\\u043d\\u043a\\u0442 \\u043c\\u0435\\u043d\\u044e \\u0440\\u0435\\u0441\\u0442\\u043e\\u0440\\u0430\\u043d\\u0430\", \"object\": \"Star Burger \\u0415\\u0432\\u0440\\u043e\\u043f\\u0435\\u0439\\u0441\\u043a\\u0438\\u0439 - \\u0422\\u0440\\u043e\\u0439\\u043d\\u043e\\u0439 \\u0412\\u043e\\u043f\\u043f\\u0435\\u0440\"}}, {\"added\": {\"name\": \"\\u043f\\u0443\\u043d\\u043a\\u0442 \\u043c\\u0435\\u043d\\u044e \\u0440\\u0435\\u0441\\u0442\\u043e\\u0440\\u0430\\u043d\\u0430\", \"object\": \"Star Burger \\u0415\\u0432\\u0440\\u043e\\u043f\\u0435\\u0439\\u0441\\u043a\\u0438\\u0439 - \\u0411\\u0435\\u043a\\u043e\\u043d\\u0430\\u0439\\u0437\\u0435\\u0440\"}}, {\"added\": {\"name\": \"\\u043f\\u0443\\u043d\\u043a\\u0442 \\u043c\\u0435\\u043d\\u044e \\u0440\\u0435\\u0441\\u0442\\u043e\\u0440\\u0430\\u043d\\u0430\", \"object\": \"Star Burger \\u0415\\u0432\\u0440\\u043e\\u043f\\u0435\\u0439\\u0441\\u043a\\u0438\\u0439 - \\u0424\\u0438\\u0448 \\u0420\\u043e\\u043b\\u043b\"}}, {\"added\": {\"name\": \"\\u043f\\u0443\\u043d\\u043a\\u0442 \\u043c\\u0435\\u043d\\u044e \\u0440\\u0435\\u0441\\u0442\\u043e\\u0440\\u0430\\u043d\\u0430\", \"object\": \"Star Burger \\u0415\\u0432\\u0440\\u043e\\u043f\\u0435\\u0439\\u0441\\u043a\\u0438\\u0439 - \\u0428\\u0440\\u0438\\u043c\\u043f \\u0420\\u043e\\u043b\\u043b\"}}]"
  }
},
{
  "model": "admin.logentry",
  "pk": 13,
  "fields": {
    "action_time": "2023-06-13T08:09:15.264Z",
    "user": 1,
    "content_type": 2,
    "object_id": "2",
    "object_repr": "Star Burger Цветной",
    "action_flag": 2,
    "change_message": "[{\"added\": {\"name\": \"\\u043f\\u0443\\u043d\\u043a\\u0442 \\u043c\\u0435\\u043d\\u044e \\u0440\\u0435\\u0441\\u0442\\u043e\\u0440\\u0430\\u043d\\u0430\", \"object\": \"Star Burger \\u0426\\u0432\\u0435\\u0442\\u043d\\u043e\\u0439 - \\u0421\\u0442\\u0435\\u0439\\u043a\\u0445\\u0430\\u0443\\u0441\"}}, {\"added\": {\"name\": \"\\u043f\\u0443\\u043d\\u043a\\u0442 \\u043c\\u0435\\u043d\\u044e \\u0440\\u0435\\u0441\\u0442\\u043e\\u0440\\u0430\\u043d\\u0430\", \"object\": \"Star Burger \\u0426\\u0432\\u0435\\u0442\\u043d\\u043e\\u0439 - \\u0411\\u0435\\u043a\\u043e\\u043d\\u0430\\u0439\\u0437\\u0435\\u0440\"}}, {\"added\": {\"name\": \"\\u043f\\u0443\\u043d\\u043a\\u0442 \\u043c\\u0435\\u043d\\u044e \\u0440\\u0435\\u0441\\u0442\\u043e\\u0440\\u0430\\u043d\\u0430\", \"object\": \"Star Burger \\u0426\\u0432\\u0435\\u0442\\u043d\\u043e\\u0439 - \\u0428\\u0440\\u0438\\u043c\\u043f \\u0420\\u043e\\u043b\\u043b\"}}]"
  }
},
{
  "model": "admin.logentry",
  "pk": 14,
  "fields": {
    "action_time": "2023-06-13T08:09:29.888Z",
    "user": 1,
    "content_type": 2,
    "object_id": "1",
    "object_repr": "Star Burger Арбат",
    "action_flag": 2,
    "change_message": "[{\"added\": {\"name\": \"\\u043f\\u0443\\u043d\\u043a\\u0442 \\u043c\\u0435\\u043d\\u044e \\u0440\\u0435\\u0441\\u0442\\u043e\\u0440\\u0430\\u043d\\u0430\", \"object\": \"Star Burger \\u0410\\u0440\\u0431\\u0430\\u0442 - \\u041b\\u043e\\u043d\\u0433 \\u0427\\u0438\\u0437\\u0431\\u0443\\u0440\\u0433\\u0435\\u0440\"}}, {\"added\": {\"name\": \"\\u043f\\u0443\\u043d\\u043a\\u0442 \\u043c\\u0435\\u043d\\u044e \\u0440\\u0435\\u0441\\u0442\\u043e\\u0440\\u0430\\u043d\\u0430\", \"object\": \"Star Burger \\u0410\\u0440\\u0431\\u0430\\u0442 - \\u0411\\u0435\\u043a\\u043e\\u043d\\u0430\\u0439\\u0437\\u0435\\u0440\"}}, {\"added\": {\"name\": \"\\u043f\\u0443\\u043d\\u043a\\u0442 \\u043c\\u0435\\u043d\\u044e \\u0440\\u0435\\u0441\\u0442\\u043e\\u0440\\u0430\\u043d\\u0430\", \"object\": \"Star Burger \\u0410\\u0440\\u0431\\u0430\\u0442 - \\u0424\\u0438\\u0448 \\u0420\\u043e\\u043b\\u043b\"}}]"
  }
},
{
  "model": "admin.logentry",
  "pk": 15,
  "fields": {
    "action_time": "2023-06-13T11:30:59.483Z",
    "user": 1,
    "content_type": 12,
    "object_id": "1",
    "object_repr": "О Юрий, Москва, Цветной бульвар, 11с2, +79259444433",
    "action_flag": 1,
    "change_message": "[{\"added\": {}}, {\"added\": {\"name\": \"\\u044d\\u043b\\u0435\\u043c\\u0435\\u043d\\u0442 \\u0437\\u0430\\u043a\\u0430\\u0437\\u0430\", \"object\": \"\\u0421\\u0442\\u0435\\u0439\\u043a\\u0445\\u0430\\u0443\\u0441 \\u042e\\u0440\\u0438\\u0439\"}}, {\"added\": {\"name\": \"\\u044d\\u043b\\u0435\\u043c\\u0435\\u043d\\u0442 \\u0437\\u0430\\u043a\\u0430\\u0437\\u0430\", \"object\": \"\\u0424\\u0438\\u0448 \\u0420\\u043e\\u043b\\u043b \\u042e\\u0440\\u0438\\u0439\"}}]"
  }
},
{
  "model": "admin.logentry",
  "pk": 16,
  "fields": {
    "action_time": "2023-06-13T12:03:36.477Z",
    "user": 1,
    "content_type": 12,
    "object_id": "2",
    "object_repr": "О2 Юрий2, Москва, Цветной бульвар, 2, +79259990022",
    "action_flag": 3,
    "change_message": ""
  }
},
{
  "model": "admin.logentry",
  "pk": 17,
  "fields": {
    "action_time": "2023-06-13T12:03:40.830Z",
    "user": 1,
    "content_type": 12,
    "object_id": "3",
    "object_repr": "О2 Юрий2, Москва, Цветной бульвар, 2, +79259990022",
    "action_flag": 3,
    "change_message": ""
  }
},
{
  "model": "admin.logentry",
  "pk": 18,
  "fields": {
    "action_time": "2023-06-13T12:03:45.379Z",
    "user": 1,
    "content_type": 12,
    "object_id": "4",
    "object_repr": "О2 Юрий2, Москва, Цветной бульвар, 2, +79259990022",
    "action_flag": 3,
    "change_message": ""
  }
},
{
  "model": "admin.logentry",
  "pk": 19,
  "fields": {
    "action_time": "2023-06-14T08:47:04.393Z",
    "user": 1,
    "content_type": 12,
    "object_id": "7",
    "object_repr": "1 1, 1, +79258405245",
    "action_flag": 3,
    "change_message": ""
  }
},
{
  "model": "admin.logentry",
  "pk": 20,
  "fields": {
    "action_time": "2023-06-14T09:06:23.898Z",
    "user": 1,
    "content_type": 12,
    "object_id": "14",
    "object_repr": "33 33, 33, +79268690412",
    "action_flag": 3,
    "change_message": ""
  }
},
{
  "model": "admin.logentry",
  "pk": 21,
  "fields": {
    "action_time": "2023-06-14T09:06:23.935Z",
    "user": 1,
    "content_type": 12,
    "object_id": "13",
    "object_repr": "11 11, 11, +79259990011",
    "action_flag": 3,
    "change_message": ""
  }
},
{
  "model": "admin.logentry",
  "pk": 22,
  "fields": {
    "action_time": "2023-06-14T09:06:23.968Z",
    "user": 1,
    "content_type": 12,
    "object_id": "12",
    "object_repr": "9 9, 9, +79259990022",
    "action_flag": 3,
    "change_message": ""
  }
},
{
  "model": "admin.logentry",
  "pk": 23,
  "fields": {
    "action_time": "2023-06-14T09:06:24.011Z",
    "user": 1,
    "content_type": 12,
    "object_id": "11",
    "object_repr": "7 7, 7, +79268690412",
    "action_flag": 3,
    "change_message": ""
  }
},
{
  "model": "admin.logentry",
  "pk": 24,
  "fields": {
    "action_time": "2023-06-14T09:06:24.046Z",
    "user": 1,
    "content_type": 12,
    "object_id": "10",
    "object_repr": "5 5, 5, +79268690412",
    "action_flag": 3,
    "change_message": ""
  }
},
{
  "model": "admin.logentry",
  "pk": 25,
  "fields": {
    "action_time": "2023-06-14T09:06:24.081Z",
    "user": 1,
    "content_type": 12,
    "object_id": "9",
    "object_repr": "3 3, 3, +79268690412",
    "action_flag": 3,
    "change_message": ""
  }
},
{
  "model": "admin.logentry",
  "pk": 26,
  "fields": {
    "action_time": "2023-06-14T09:06:24.114Z",
    "user": 1,
    "content_type": 12,
    "object_id": "8",
    "object_repr": "2 2, 2, +79268690412",
    "action_flag": 3,
    "change_message": ""
  }
},
{
  "model": "admin.logentry",
  "pk": 27,
  "fields": {
    "action_time": "2023-06-14T09:12:50.412Z",
    "user": 1,
    "content_type": 12,
    "object_id": "15",
    "object_repr": "1 1, 1, +79259990011",
    "action_flag": 3,
    "change_message": ""
  }
},
{
  "model": "admin.logentry",
  "pk": 28,
  "fields": {
    "action_time": "2023-06-14T16:47:42.628Z",
    "user": 1,
    "content_type": 12,
    "object_id": "17",
    "object_repr": "Петров Иван, Москва, +79291000000",
    "action_flag": 3,
    "change_message": ""
  }
},
{
  "model": "admin.logentry",
  "pk": 29,
  "fields": {
    "action_time": "2023-06-14T16:47:43.066Z",
    "user": 1,
    "content_type": 12,
    "object_id": "16",
    "object_repr": "15 15, 15, +79259990015",
    "action_flag": 3,
    "change_message": ""
  }
},
{
  "model": "admin.logentry",
  "pk": 30,
  "fields": {
    "action_time": "2023-06-14T16:47:43.385Z",
    "user": 1,
    "content_type": 12,
    "object_id": "6",
    "object_repr": "буба буб, краснодыр, +79259404040",
    "action_flag": 3,
    "change_message": ""
  }
},
{
  "model": "admin.logentry",
  "pk": 31,
  "fields": {
    "action_time": "2023-06-14T16:47:43.682Z",
    "user": 1,
    "content_type": 12,
    "object_id": "5",
    "object_repr": "вас вася, питер, +79259990077",
    "action_flag": 3,
    "change_message": ""
  }
},
{
  "model": "admin.logentry",
  "pk": 32,
  "fields": {
    "action_time": "2023-06-14T16:47:43.961Z",
    "user": 1,
    "content_type": 12,
    "object_id": "4",
    "object_repr": "Оjkjkj Юрийfgdfg, Москва, +79259990099",
    "action_flag": 3,
    "change_message": ""
  }
},
{
  "model": "admin.logentry",
  "pk": 33,
  "fields": {
    "action_time": "2023-06-14T16:47:44.436Z",
    "user": 1,
    "content_type": 12,
    "object_id": "2",
    "object_repr": "О Юрий, Москва, ул. Новый Арбат, 1515, +79259990011",
    "action_flag": 3,
    "change_message": ""
  }
},
{
  "model": "admin.logentry",
  "pk": 34,
  "fields": {
    "action_time": "2023-06-14T16:55:53.681Z",
    "user": 1,
    "content_type": 12,
    "object_id": "19",
    "object_repr": "44 44, 44, +79259404666",
    "action_flag": 3,
    "change_message": ""
  }
},
{
  "model": "admin.logentry",
  "pk": 35,
  "fields": {
    "action_time": "2023-06-14T16:55:54.189Z",
    "user": 1,
    "content_type": 12,
    "object_id": "18",
    "object_repr": "55 55, 55, +79259404665",
    "action_flag": 3,
    "change_message": ""
  }
},
{
  "model": "admin.logentry",
  "pk": 36,
  "fields": {
    "action_time": "2023-06-15T17:25:14.064Z",
    "user": 1,
    "content_type": 12,
    "object_id": "34",
    "object_repr": "555 111, 111, +79259404665",
    "action_flag": 3,
    "change_message": ""
  }
},
{
  "model": "admin.logentry",
  "pk": 37,
  "fields": {
    "action_time": "2023-06-15T17:25:15.168Z",
    "user": 1,
    "content_type": 12,
    "object_id": "33",
    "object_repr": "555 111, 111, +79259404665",
    "action_flag": 3,
    "change_message": ""
  }
},
{
  "model": "admin.logentry",
  "pk": 38,
  "fields": {
    "action_time": "2023-06-15T17:25:15.505Z",
    "user": 1,
    "content_type": 12,
    "object_id": "32",
    "object_repr": "444 111, 111, +79259404665",
    "action_flag": 3,
    "change_message": ""
  }
},
{
  "model": "admin.logentry",
  "pk": 39,
  "fields": {
    "action_time": "2023-06-15T17:25:16.083Z",
    "user": 1,
    "content_type": 12,
    "object_id": "31",
    "object_repr": "111 333, 111, +79259404665",
    "action_flag": 3,
    "change_message": ""
  }
},
{
  "model": "admin.logentry",
  "pk": 40,
  "fields": {
    "action_time": "2023-06-15T17:25:16.412Z",
    "user": 1,
    "content_type": 12,
    "object_id": "30",
    "object_repr": "111 222, 111, +79259404665",
    "action_flag": 3,
    "change_message": ""
  }
},
{
  "model": "admin.logentry",
  "pk": 41,
  "fields": {
    "action_time": "2023-06-15T17:25:16.637Z",
    "user": 1,
    "content_type": 12,
    "object_id": "29",
    "object_repr": "111 111, 111, +79259404665",
    "action_flag": 3,
    "change_message": ""
  }
},
{
  "model": "admin.logentry",
  "pk": 42,
  "fields": {
    "action_time": "2023-06-15T17:25:16.904Z",
    "user": 1,
    "content_type": 12,
    "object_id": "28",
    "object_repr": "111 111, 111, +79259404665",
    "action_flag": 3,
    "change_message": ""
  }
},
{
  "model": "admin.logentry",
  "pk": 43,
  "fields": {
    "action_time": "2023-06-15T17:25:17.120Z",
    "user": 1,
    "content_type": 12,
    "object_id": "27",
    "object_repr": "34 34, 34, +79259404665",
    "action_flag": 3,
    "change_message": ""
  }
},
{
  "model": "admin.logentry",
  "pk": 44,
  "fields": {
    "action_time": "2023-06-15T17:25:17.362Z",
    "user": 1,
    "content_type": 12,
    "object_id": "26",
    "object_repr": "000 000, 000, +79259404665",
    "action_flag": 3,
    "change_message": ""
  }
},
{
  "model": "admin.logentry",
  "pk": 45,
  "fields": {
    "action_time": "2023-06-15T17:25:17.664Z",
    "user": 1,
    "content_type": 12,
    "object_id": "25",
    "object_repr": "00 00, 00, +79259404665",
    "action_flag": 3,
    "change_message": ""
  }
},
{
  "model": "admin.logentry",
  "pk": 46,
  "fields": {
    "action_time": "2023-06-15T17:25:17.888Z",
    "user": 1,
    "content_type": 12,
    "object_id": "24",
    "object_repr": "88 88, 88, +79259404665",
    "action_flag": 3,
    "change_message": ""
  }
},
{
  "model": "admin.logentry",
  "pk": 47,
  "fields": {
    "action_time": "2023-06-15T17:25:18.109Z",
    "user": 1,
    "content_type": 12,
    "object_id": "23",
    "object_repr": "67 67, 67, +79259404665",
    "action_flag": 3,
    "change_message": ""
  }
},
{
  "model": "admin.logentry",
  "pk": 48,
  "fields": {
    "action_time": "2023-06-15T17:25:18.318Z",
    "user": 1,
    "content_type": 12,
    "object_id": "22",
    "object_repr": "77 77, 77, +79259404665",
    "action_flag": 3,
    "change_message": ""
  }
},
{
  "model": "admin.logentry",
  "pk": 49,
  "fields": {
    "action_time": "2023-06-15T17:25:18.563Z",
    "user": 1,
    "content_type": 12,
    "object_id": "21",
    "object_repr": "33 33, 33, +79259404666",
    "action_flag": 3,
    "change_message": ""
  }
},
{
  "model": "admin.logentry",
  "pk": 50,
  "fields": {
    "action_time": "2023-06-15T17:25:18.813Z",
    "user": 1,
    "content_type": 12,
    "object_id": "20",
    "object_repr": "11 11, 11, 89259404666",
    "action_flag": 3,
    "change_message": ""
  }
},
{
  "model": "admin.logentry",
  "pk": 51,
  "fields": {
    "action_time": "2023-06-15T17:49:50.983Z",
    "user": 1,
    "content_type": 12,
    "object_id": "35",
    "object_repr": "Петров Иван, Москва, +79291000000",
    "action_flag": 3,
    "change_message": ""
  }
},
{
  "model": "admin.logentry",
  "pk": 52,
  "fields": {
    "action_time": "2023-06-16T19:18:48.913Z",
    "user": 1,
    "content_type": 12,
    "object_id": "44",
    "object_repr": "Петров Пупкин, Москва, +79291000000",
    "action_flag": 3,
    "change_message": ""
  }
},
{
  "model": "admin.logentry",
  "pk": 53,
  "fields": {
    "action_time": "2023-06-16T19:18:49.251Z",
    "user": 1,
    "content_type": 12,
    "object_id": "43",
    "object_repr": "Петров Пупкин, Москва, +79291000000",
    "action_flag": 3,
    "change_message": ""
  }
},
{
  "model": "admin.logentry",
  "pk": 54,
  "fields": {
    "action_time": "2023-06-16T19:18:49.532Z",
    "user": 1,
    "content_type": 12,
    "object_id": "42",
    "object_repr": "Петров Пупкин, Москва, +79291000000",
    "action_flag": 3,
    "change_message": ""
  }
},
{
  "model": "admin.logentry",
  "pk": 55,
  "fields": {
    "action_time": "2023-06-16T20:47:42.588Z",
    "user": 1,
    "content_type": 12,
    "object_id": "48",
    "object_repr": "Коляныч Вася, 33, +79259404665",
    "action_flag": 2,
    "change_message": "[]"
  }
},
{
  "model": "admin.logentry",
  "pk": 56,
  "fields": {
    "action_time": "2023-06-16T20:49:05.787Z",
    "user": 1,
    "content_type": 12,
    "object_id": "48",
    "object_repr": "Коляныч Вася, 33, +79259404665",
    "action_flag": 2,
    "change_message": "[]"
  }
},
{
  "model": "admin.logentry",
  "pk": 57,
  "fields": {
    "action_time": "2023-06-16T20:50:40.408Z",
    "user": 1,
    "content_type": 12,
    "object_id": "47",
    "object_repr": "Чесноков Петр, Москва, +79291000000",
    "action_flag": 2,
    "change_message": "[]"
  }
},
{
  "model": "admin.logentry",
  "pk": 58,
  "fields": {
    "action_time": "2023-06-16T20:55:41.494Z",
    "user": 1,
    "content_type": 12,
    "object_id": "47",
    "object_repr": "Чесноков Петр, Москва, +79291000000",
    "action_flag": 2,
    "change_message": "[{\"changed\": {\"name\": \"\\u044d\\u043b\\u0435\\u043c\\u0435\\u043d\\u0442 \\u0437\\u0430\\u043a\\u0430\\u0437\\u0430\", \"object\": \"\\u0411\\u0435\\u043a\\u043e\\u043d\\u0430\\u0439\\u0437\\u0435\\u0440 \\u0427\\u0435\\u0441\\u043d\\u043e\\u043a\\u043e\\u0432 \\u041f\\u0435\\u0442\\u0440, \\u041c\\u043e\\u0441\\u043a\\u0432\\u0430\", \"fields\": [\"\\u041a\\u043e\\u043b\\u0438\\u0447\\u0435\\u0441\\u0442\\u0432\\u043e\"]}}]"
  }
},
{
  "model": "admin.logentry",
  "pk": 59,
  "fields": {
    "action_time": "2023-06-16T20:58:32.250Z",
    "user": 1,
    "content_type": 12,
    "object_id": "47",
    "object_repr": "Чесноков Петр, Москва, +79291000000",
    "action_flag": 2,
    "change_message": "[{\"changed\": {\"name\": \"\\u044d\\u043b\\u0435\\u043c\\u0435\\u043d\\u0442 \\u0437\\u0430\\u043a\\u0430\\u0437\\u0430\", \"object\": \"\\u0411\\u0435\\u043a\\u043e\\u043d\\u0430\\u0439\\u0437\\u0435\\u0440 \\u0427\\u0435\\u0441\\u043d\\u043e\\u043a\\u043e\\u0432 \\u041f\\u0435\\u0442\\u0440, \\u041c\\u043e\\u0441\\u043a\\u0432\\u0430\", \"fields\": [\"\\u041a\\u043e\\u043b\\u0438\\u0447\\u0435\\u0441\\u0442\\u0432\\u043e\"]}}]"
  }
},
{
  "model": "admin.logentry",
  "pk": 60,
  "fields": {
    "action_time": "2023-06-16T21:03:04.351Z",
    "user": 1,
    "content_type": 12,
    "object_id": "47",
    "object_repr": "Чесноков Петр, Москва, +79291000000",
    "action_flag": 2,
    "change_message": "[{\"changed\": {\"name\": \"\\u044d\\u043b\\u0435\\u043c\\u0435\\u043d\\u0442 \\u0437\\u0430\\u043a\\u0430\\u0437\\u0430\", \"object\": \"\\u0411\\u0435\\u043a\\u043e\\u043d\\u0430\\u0439\\u0437\\u0435\\u0440 \\u0427\\u0435\\u0441\\u043d\\u043e\\u043a\\u043e\\u0432 \\u041f\\u0435\\u0442\\u0440, \\u041c\\u043e\\u0441\\u043a\\u0432\\u0430\", \"fields\": [\"\\u041a\\u043e\\u043b\\u0438\\u0447\\u0435\\u0441\\u0442\\u0432\\u043e\"]}}]"
  }
},
{
  "model": "admin.logentry",
  "pk": 61,
  "fields": {
    "action_time": "2023-06-16T21:03:39.573Z",
    "user": 1,
    "content_type": 12,
    "object_id": "47",
    "object_repr": "Чесноков Петр, Москва, +79291000000",
    "action_flag": 2,
    "change_message": "[{\"changed\": {\"name\": \"\\u044d\\u043b\\u0435\\u043c\\u0435\\u043d\\u0442 \\u0437\\u0430\\u043a\\u0430\\u0437\\u0430\", \"object\": \"\\u0411\\u0435\\u043a\\u043e\\u043d\\u0430\\u0439\\u0437\\u0435\\u0440 \\u0427\\u0435\\u0441\\u043d\\u043e\\u043a\\u043e\\u0432 \\u041f\\u0435\\u0442\\u0440, \\u041c\\u043e\\u0441\\u043a\\u0432\\u0430\", \"fields\": [\"\\u0424\\u0438\\u043a\\u0441\\u0438\\u0440\\u043e\\u0432\\u0430\\u043d\\u043d\\u0430\\u044f \\u0446\\u0435\\u043d\\u0430 \\u0442\\u043e\\u0432\\u0430\\u0440\\u0430\"]}}]"
  }
},
{
  "model": "admin.logentry",
  "pk": 62,
  "fields": {
    "action_time": "2023-06-16T21:03:52.878Z",
    "user": 1,
    "content_type": 12,
    "object_id": "47",
    "object_repr": "Чесноков Петр, Москва, +79291000000",
    "action_flag": 2,
    "change_message": "[{\"changed\": {\"name\": \"\\u044d\\u043b\\u0435\\u043c\\u0435\\u043d\\u0442 \\u0437\\u0430\\u043a\\u0430\\u0437\\u0430\", \"object\": \"\\u0411\\u0435\\u043a\\u043e\\u043d\\u0430\\u0439\\u0437\\u0435\\u0440 \\u0427\\u0435\\u0441\\u043d\\u043e\\u043a\\u043e\\u0432 \\u041f\\u0435\\u0442\\u0440, \\u041c\\u043e\\u0441\\u043a\\u0432\\u0430\", \"fields\": [\"\\u041a\\u043e\\u043b\\u0438\\u0447\\u0435\\u0441\\u0442\\u0432\\u043e\"]}}]"
  }
},
{
  "model": "admin.logentry",
  "pk": 63,
  "fields": {
    "action_time": "2023-06-16T21:05:55.676Z",
    "user": 1,
    "content_type": 12,
    "object_id": "47",
    "object_repr": "Чесноков Петр, Москва, +79291000000",
    "action_flag": 2,
    "change_message": "[{\"changed\": {\"name\": \"\\u044d\\u043b\\u0435\\u043c\\u0435\\u043d\\u0442 \\u0437\\u0430\\u043a\\u0430\\u0437\\u0430\", \"object\": \"\\u0411\\u0435\\u043a\\u043e\\u043d\\u0430\\u0439\\u0437\\u0435\\u0440 \\u0427\\u0435\\u0441\\u043d\\u043e\\u043a\\u043e\\u0432 \\u041f\\u0435\\u0442\\u0440, \\u041c\\u043e\\u0441\\u043a\\u0432\\u0430\", \"fields\": [\"\\u041a\\u043e\\u043b\\u0438\\u0447\\u0435\\u0441\\u0442\\u0432\\u043e\"]}}]"
  }
},
{
  "model": "admin.logentry",
  "pk": 64,
  "fields": {
    "action_time": "2023-06-16T21:06:18.216Z",
    "user": 1,
    "content_type": 12,
    "object_id": "47",
    "object_repr": "Чесноков Петр, Москва, +79291000000",
    "action_flag": 2,
    "change_message": "[{\"added\": {\"name\": \"\\u044d\\u043b\\u0435\\u043c\\u0435\\u043d\\u0442 \\u0437\\u0430\\u043a\\u0430\\u0437\\u0430\", \"object\": \"\\u0421\\u0442\\u0435\\u0439\\u043a\\u0445\\u0430\\u0443\\u0441 \\u0427\\u0435\\u0441\\u043d\\u043e\\u043a\\u043e\\u0432 \\u041f\\u0435\\u0442\\u0440, \\u041c\\u043e\\u0441\\u043a\\u0432\\u0430\"}}]"
  }
},
{
  "model": "admin.logentry",
  "pk": 65,
  "fields": {
    "action_time": "2023-06-16T21:07:41.843Z",
    "user": 1,
    "content_type": 12,
    "object_id": "47",
    "object_repr": "Чесноков Петр, Москва, +79291000000",
    "action_flag": 2,
    "change_message": "[{\"added\": {\"name\": \"\\u044d\\u043b\\u0435\\u043c\\u0435\\u043d\\u0442 \\u0437\\u0430\\u043a\\u0430\\u0437\\u0430\", \"object\": \"\\u0422\\u0440\\u043e\\u0439\\u043d\\u043e\\u0439 \\u0412\\u043e\\u043f\\u043f\\u0435\\u0440 \\u0427\\u0435\\u0441\\u043d\\u043e\\u043a\\u043e\\u0432 \\u041f\\u0435\\u0442\\u0440, \\u041c\\u043e\\u0441\\u043a\\u0432\\u0430\"}}]"
  }
},
{
  "model": "admin.logentry",
  "pk": 66,
  "fields": {
    "action_time": "2023-06-16T21:08:02.377Z",
    "user": 1,
    "content_type": 12,
    "object_id": "47",
    "object_repr": "Чесноков Петр, Москва, +79291000000",
    "action_flag": 2,
    "change_message": "[{\"changed\": {\"name\": \"\\u044d\\u043b\\u0435\\u043c\\u0435\\u043d\\u0442 \\u0437\\u0430\\u043a\\u0430\\u0437\\u0430\", \"object\": \"\\u0422\\u0440\\u043e\\u0439\\u043d\\u043e\\u0439 \\u0412\\u043e\\u043f\\u043f\\u0435\\u0440 \\u0427\\u0435\\u0441\\u043d\\u043e\\u043a\\u043e\\u0432 \\u041f\\u0435\\u0442\\u0440, \\u041c\\u043e\\u0441\\u043a\\u0432\\u0430\", \"fields\": [\"\\u0424\\u0438\\u043a\\u0441\\u0438\\u0440\\u043e\\u0432\\u0430\\u043d\\u043d\\u0430\\u044f \\u0446\\u0435\\u043d\\u0430 \\u0442\\u043e\\u0432\\u0430\\u0440\\u0430\"]}}]"
  }
},
{
  "model": "admin.logentry",
  "pk": 67,
  "fields": {
    "action_time": "2023-06-16T21:43:15.954Z",
    "user": 1,
    "content_type": 12,
    "object_id": "40",
    "object_repr": "Петров Иван, Москва, +79291000000",
    "action_flag": 3,
    "change_message": ""
  }
},
{
  "model": "admin.logentry",
  "pk": 68,
  "fields": {
    "action_time": "2023-06-16T21:43:30.670Z",
    "user": 1,
    "content_type": 12,
    "object_id": "38",
    "object_repr": "111 111, 111, +79259404665",
    "action_flag": 3,
    "change_message": ""
  }
},
{
  "model": "admin.logentry",
  "pk": 69,
  "fields": {
    "action_time": "2023-06-16T22:01:31.772Z",
    "user": 1,
    "content_type": 12,
    "object_id": "48",
    "object_repr": "Коляныч Вася, 33, +79259404665",
    "action_flag": 2,
    "change_message": "[{\"changed\": {\"name\": \"\\u044d\\u043b\\u0435\\u043c\\u0435\\u043d\\u0442 \\u0437\\u0430\\u043a\\u0430\\u0437\\u0430\", \"object\": \"\\u0428\\u0440\\u0438\\u043c\\u043f \\u0420\\u043e\\u043b\\u043b \\u041a\\u043e\\u043b\\u044f\\u043d\\u044b\\u0447 \\u0412\\u0430\\u0441\\u044f, 33\", \"fields\": [\"\\u0424\\u0438\\u043a\\u0441\\u0438\\u0440\\u043e\\u0432\\u0430\\u043d\\u043d\\u0430\\u044f \\u0446\\u0435\\u043d\\u0430 \\u0442\\u043e\\u0432\\u0430\\u0440\\u0430\"]}}]"
  }
},
{
  "model": "admin.logentry",
  "pk": 70,
  "fields": {
    "action_time": "2023-06-16T22:01:56.049Z",
    "user": 1,
    "content_type": 12,
    "object_id": "48",
    "object_repr": "Коляныч Вася, 33, +79259404665",
    "action_flag": 2,
    "change_message": "[{\"changed\": {\"name\": \"\\u044d\\u043b\\u0435\\u043c\\u0435\\u043d\\u0442 \\u0437\\u0430\\u043a\\u0430\\u0437\\u0430\", \"object\": \"\\u0428\\u0440\\u0438\\u043c\\u043f \\u0420\\u043e\\u043b\\u043b \\u041a\\u043e\\u043b\\u044f\\u043d\\u044b\\u0447 \\u0412\\u0430\\u0441\\u044f, 33\", \"fields\": [\"\\u0424\\u0438\\u043a\\u0441\\u0438\\u0440\\u043e\\u0432\\u0430\\u043d\\u043d\\u0430\\u044f \\u0446\\u0435\\u043d\\u0430 \\u0442\\u043e\\u0432\\u0430\\u0440\\u0430\"]}}]"
  }
},
{
  "model": "admin.logentry",
  "pk": 71,
  "fields": {
    "action_time": "2023-06-16T22:03:07.008Z",
    "user": 1,
    "content_type": 12,
    "object_id": "48",
    "object_repr": "Коляныч Вася, 33, +79259404665",
    "action_flag": 2,
    "change_message": "[{\"changed\": {\"name\": \"\\u044d\\u043b\\u0435\\u043c\\u0435\\u043d\\u0442 \\u0437\\u0430\\u043a\\u0430\\u0437\\u0430\", \"object\": \"\\u0428\\u0440\\u0438\\u043c\\u043f \\u0420\\u043e\\u043b\\u043b \\u041a\\u043e\\u043b\\u044f\\u043d\\u044b\\u0447 \\u0412\\u0430\\u0441\\u044f, 33\", \"fields\": [\"\\u0424\\u0438\\u043a\\u0441\\u0438\\u0440\\u043e\\u0432\\u0430\\u043d\\u043d\\u0430\\u044f \\u0446\\u0435\\u043d\\u0430 \\u0442\\u043e\\u0432\\u0430\\u0440\\u0430\"]}}]"
  }
},
{
  "model": "admin.logentry",
  "pk": 72,
  "fields": {
    "action_time": "2023-06-21T11:40:42.027Z",
    "user": 1,
    "content_type": 12,
    "object_id": "49",
    "object_repr": "Петров Петров, Москва, +79291000000",
    "action_flag": 3,
    "change_message": ""
  }
},
{
  "model": "admin.logentry",
  "pk": 73,
  "fields": {
    "action_time": "2023-06-21T12:04:05.425Z",
    "user": 1,
    "content_type": 12,
    "object_id": "51",
    "object_repr": "Коляныч Коля, Питер2, +79259404665",
    "action_flag": 3,
    "change_message": ""
  }
},
{
  "model": "admin.logentry",
  "pk": 74,
  "fields": {
    "action_time": "2023-06-21T12:04:05.705Z",
    "user": 1,
    "content_type": 12,
    "object_id": "50",
    "object_repr": "Коляныч Коля, Питер2, +79259404665",
    "action_flag": 3,
    "change_message": ""
  }
},
{
  "model": "admin.logentry",
  "pk": 75,
  "fields": {
    "action_time": "2023-06-22T10:37:45.641Z",
    "user": 1,
    "content_type": 12,
    "object_id": "1",
    "object_repr": "О111 Юрий, Москва, ул. Новый Арбат, 1515, +79259990011",
    "action_flag": 2,
    "change_message": "[{\"changed\": {\"fields\": [\"\\u0424\\u0430\\u043c\\u0438\\u043b\\u0438\\u044f\"]}}]"
  }
},
{
  "model": "admin.logentry",
  "pk": 76,
  "fields": {
    "action_time": "2023-06-22T10:42:13.612Z",
    "user": 1,
    "content_type": 12,
    "object_id": "1",
    "object_repr": "О111 Юрий222, Москва, ул. Новый Арбат, 1515, +79259990011",
    "action_flag": 2,
    "change_message": "[{\"changed\": {\"fields\": [\"\\u0418\\u043c\\u044f\"]}}]"
  }
},
{
  "model": "admin.logentry",
  "pk": 77,
  "fields": {
    "action_time": "2023-06-22T10:46:11.004Z",
    "user": 1,
    "content_type": 12,
    "object_id": "1",
    "object_repr": "О111 Юрий, Москва, ул. Новый Арбат, 1515, +79259990011",
    "action_flag": 2,
    "change_message": "[{\"changed\": {\"fields\": [\"\\u0418\\u043c\\u044f\"]}}]"
  }
},
{
  "model": "admin.logentry",
  "pk": 78,
  "fields": {
    "action_time": "2023-06-22T10:48:52.985Z",
    "user": 1,
    "content_type": 12,
    "object_id": "1",
    "object_repr": "О Юрий, Москва, ул. Новый Арбат, 1515, +79259990011",
    "action_flag": 2,
    "change_message": "[{\"changed\": {\"fields\": [\"\\u0424\\u0430\\u043c\\u0438\\u043b\\u0438\\u044f\"]}}]"
  }
},
{
  "model": "admin.logentry",
  "pk": 79,
  "fields": {
    "action_time": "2023-06-22T11:02:12.697Z",
    "user": 1,
    "content_type": 12,
    "object_id": "3",
    "object_repr": "О21 Юрий21, Москва, Цветной бульвар, 2, +79259990066",
    "action_flag": 2,
    "change_message": "[{\"changed\": {\"fields\": [\"\\u0418\\u043c\\u044f\", \"\\u0424\\u0430\\u043c\\u0438\\u043b\\u0438\\u044f\", \"\\u041c\\u043e\\u0431\\u0438\\u043b\\u044c\\u043d\\u044b\\u0439 \\u043d\\u043e\\u043c\\u0435\\u0440:\"]}}]"
  }
},
{
  "model": "admin.logentry",
  "pk": 80,
  "fields": {
    "action_time": "2023-06-22T11:26:06.070Z",
    "user": 1,
    "content_type": 12,
    "object_id": "3",
    "object_repr": "О21 Юрий21122, Москва, Цветной бульвар, 2, +79259990066",
    "action_flag": 2,
    "change_message": "[{\"changed\": {\"fields\": [\"\\u0418\\u043c\\u044f\"]}}]"
  }
},
{
  "model": "admin.logentry",
  "pk": 81,
  "fields": {
    "action_time": "2023-06-22T11:39:37.425Z",
    "user": 1,
    "content_type": 12,
    "object_id": "3",
    "object_repr": "О21 Юрий21122555, Москва, Цветной бульвар, 2, +79259990066",
    "action_flag": 2,
    "change_message": "[{\"changed\": {\"fields\": [\"\\u0418\\u043c\\u044f\"]}}]"
  }
},
{
  "model": "admin.logentry",
  "pk": 82,
  "fields": {
    "action_time": "2023-06-22T11:40:04.474Z",
    "user": 1,
    "content_type": 12,
    "object_id": "3",
    "object_repr": "О21 Юрий21122555666, Москва, Цветной бульвар, 2, +79259990066",
    "action_flag": 2,
    "change_message": "[{\"changed\": {\"fields\": [\"\\u0418\\u043c\\u044f\"]}}]"
  }
},
{
  "model": "admin.logentry",
  "pk": 83,
  "fields": {
    "action_time": "2023-06-22T11:40:41.100Z",
    "user": 1,
    "content_type": 12,
    "object_id": "3",
    "object_repr": "О21 Юрий777, Москва, Цветной бульвар, 2, +79259990066",
    "action_flag": 2,
    "change_message": "[{\"changed\": {\"fields\": [\"\\u0418\\u043c\\u044f\"]}}]"
  }
},
{
  "model": "admin.logentry",
  "pk": 84,
  "fields": {
    "action_time": "2023-06-22T11:49:43.633Z",
    "user": 1,
    "content_type": 12,
    "object_id": "37",
    "object_repr": "111777 111777, 111777, +79259404665",
    "action_flag": 2,
    "change_message": "[{\"changed\": {\"fields\": [\"\\u0410\\u0434\\u0440\\u0435\\u0441\", \"\\u0418\\u043c\\u044f\", \"\\u0424\\u0430\\u043c\\u0438\\u043b\\u0438\\u044f\"]}}]"
  }
},
{
  "model": "admin.logentry",
  "pk": 85,
  "fields": {
    "action_time": "2023-06-22T11:50:09.762Z",
    "user": 1,
    "content_type": 12,
    "object_id": "37",
    "object_repr": "111 111, 111, +79259404665",
    "action_flag": 2,
    "change_message": "[{\"changed\": {\"fields\": [\"\\u0410\\u0434\\u0440\\u0435\\u0441\", \"\\u0418\\u043c\\u044f\", \"\\u0424\\u0430\\u043c\\u0438\\u043b\\u0438\\u044f\"]}}]"
  }
},
{
  "model": "admin.logentry",
  "pk": 86,
  "fields": {
    "action_time": "2023-06-22T12:27:39.011Z",
    "user": 1,
    "content_type": 12,
    "object_id": "1",
    "object_repr": "О Юрий, Москва, ул. Новый Арбат, 1515, +79259990011",
    "action_flag": 2,
    "change_message": "[{\"changed\": {\"fields\": [\"Status\"]}}]"
  }
},
{
  "model": "admin.logentry",
  "pk": 87,
  "fields": {
    "action_time": "2023-06-22T12:27:56.918Z",
    "user": 1,
    "content_type": 12,
    "object_id": "36",
    "object_repr": "777 777, 777, +79259404665",
    "action_flag": 2,
    "change_message": "[{\"changed\": {\"fields\": [\"Status\"]}}]"
  }
},
{
  "model": "admin.logentry",
  "pk": 88,
  "fields": {
    "action_time": "2023-06-22T12:28:16.056Z",
    "user": 1,
    "content_type": 12,
    "object_id": "47",
    "object_repr": "Чесноков Петр, Москва, +79291000000",
    "action_flag": 2,
    "change_message": "[{\"changed\": {\"fields\": [\"Status\"]}}]"
  }
},
{
  "model": "admin.logentry",
  "pk": 89,
  "fields": {
    "action_time": "2023-06-22T12:36:19.271Z",
    "user": 1,
    "content_type": 12,
    "object_id": "1",
    "object_repr": "О Юрий, Москва, ул. Новый Арбат, 1515, +79259990011",
    "action_flag": 2,
    "change_message": "[{\"changed\": {\"fields\": [\"\\u0421\\u0442\\u0430\\u0442\\u0443\\u0441\"]}}]"
  }
},
{
  "model": "admin.logentry",
  "pk": 90,
  "fields": {
    "action_time": "2023-06-22T12:48:01.734Z",
    "user": 1,
    "content_type": 12,
    "object_id": "48",
    "object_repr": "Коляныч Вася, 33, +79259404665",
    "action_flag": 2,
    "change_message": "[{\"changed\": {\"fields\": [\"\\u0421\\u0442\\u0430\\u0442\\u0443\\u0441\"]}}]"
  }
},
{
  "model": "admin.logentry",
  "pk": 91,
  "fields": {
    "action_time": "2023-06-22T12:48:16.163Z",
    "user": 1,
    "content_type": 12,
    "object_id": "47",
    "object_repr": "Чесноков Петр, Москва, +79291000000",
    "action_flag": 2,
    "change_message": "[{\"changed\": {\"fields\": [\"\\u0421\\u0442\\u0430\\u0442\\u0443\\u0441\"]}}]"
  }
},
{
  "model": "admin.logentry",
  "pk": 92,
  "fields": {
    "action_time": "2023-06-22T12:48:27.871Z",
    "user": 1,
    "content_type": 12,
    "object_id": "46",
    "object_repr": "Петров 45Пупкин, Москва, +79291000000",
    "action_flag": 2,
    "change_message": "[{\"changed\": {\"fields\": [\"\\u0421\\u0442\\u0430\\u0442\\u0443\\u0441\"]}}]"
  }
},
{
  "model": "admin.logentry",
  "pk": 93,
  "fields": {
    "action_time": "2023-06-22T12:48:46.934Z",
    "user": 1,
    "content_type": 12,
    "object_id": "45",
    "object_repr": "Петров Пупкин, Москва, +79291000000",
    "action_flag": 2,
    "change_message": "[{\"changed\": {\"fields\": [\"\\u0421\\u0442\\u0430\\u0442\\u0443\\u0441\"]}}]"
  }
},
{
  "model": "admin.logentry",
  "pk": 94,
  "fields": {
    "action_time": "2023-06-22T12:49:05.990Z",
    "user": 1,
    "content_type": 12,
    "object_id": "36",
    "object_repr": "777 777, 777, +79259404665",
    "action_flag": 2,
    "change_message": "[{\"changed\": {\"fields\": [\"\\u0421\\u0442\\u0430\\u0442\\u0443\\u0441\"]}}]"
  }
},
{
  "model": "admin.logentry",
  "pk": 95,
  "fields": {
    "action_time": "2023-06-22T12:49:19.286Z",
    "user": 1,
    "content_type": 12,
    "object_id": "41",
    "object_repr": "Петров Иван, Москва, +79291000000",
    "action_flag": 2,
    "change_message": "[{\"changed\": {\"fields\": [\"\\u0421\\u0442\\u0430\\u0442\\u0443\\u0441\"]}}]"
  }
},
{
  "model": "admin.logentry",
  "pk": 96,
  "fields": {
    "action_time": "2023-06-22T12:49:31.795Z",
    "user": 1,
    "content_type": 12,
    "object_id": "37",
    "object_repr": "111 111, 111, +79259404665",
    "action_flag": 2,
    "change_message": "[{\"changed\": {\"fields\": [\"\\u0421\\u0442\\u0430\\u0442\\u0443\\u0441\"]}}]"
  }
},
{
  "model": "admin.logentry",
  "pk": 97,
  "fields": {
    "action_time": "2023-06-22T12:49:43.789Z",
    "user": 1,
    "content_type": 12,
    "object_id": "39",
    "object_repr": "Иванов Тимур, Москва, Новый Арбат 10, +79259404366",
    "action_flag": 2,
    "change_message": "[{\"changed\": {\"fields\": [\"\\u0421\\u0442\\u0430\\u0442\\u0443\\u0441\"]}}]"
  }
},
{
  "model": "admin.logentry",
  "pk": 98,
  "fields": {
    "action_time": "2023-06-22T12:49:58.156Z",
    "user": 1,
    "content_type": 12,
    "object_id": "1",
    "object_repr": "О Юрий, Москва, ул. Новый Арбат, 1515, +79259990011",
    "action_flag": 2,
    "change_message": "[{\"changed\": {\"fields\": [\"\\u0421\\u0442\\u0430\\u0442\\u0443\\u0441\"]}}]"
  }
},
{
  "model": "admin.logentry",
  "pk": 99,
  "fields": {
    "action_time": "2023-06-22T12:50:15.221Z",
    "user": 1,
    "content_type": 12,
    "object_id": "3",
    "object_repr": "О21 Юрий777, Москва, Цветной бульвар, 2, +79259990066",
    "action_flag": 2,
    "change_message": "[{\"changed\": {\"fields\": [\"\\u0421\\u0442\\u0430\\u0442\\u0443\\u0441\"]}}]"
  }
},
{
  "model": "admin.logentry",
  "pk": 100,
  "fields": {
    "action_time": "2023-06-22T16:33:19.470Z",
    "user": 1,
    "content_type": 12,
    "object_id": "48",
    "object_repr": "Коляныч Вася, 33, +79259404665",
    "action_flag": 2,
    "change_message": "[{\"changed\": {\"fields\": [\"\\u041a\\u043e\\u043c\\u043c\\u0435\\u043d\\u0442\\u0430\\u0440\\u0438\\u0439\"]}}]"
  }
},
{
  "model": "admin.logentry",
  "pk": 101,
  "fields": {
    "action_time": "2023-06-22T16:33:58.673Z",
    "user": 1,
    "content_type": 12,
    "object_id": "3",
    "object_repr": "О21 Юрий777, Москва, Цветной бульвар, 2, +79259990066",
    "action_flag": 2,
    "change_message": "[{\"changed\": {\"fields\": [\"\\u041a\\u043e\\u043c\\u043c\\u0435\\u043d\\u0442\\u0430\\u0440\\u0438\\u0439\"]}}]"
  }
},
{
  "model": "admin.logentry",
  "pk": 102,
  "fields": {
    "action_time": "2023-06-22T16:38:18.478Z",
    "user": 1,
    "content_type": 12,
    "object_id": "36",
    "object_repr": "777 777, 777, +79259404665",
    "action_flag": 2,
    "change_message": "[{\"changed\": {\"fields\": [\"\\u041a\\u043e\\u043c\\u043c\\u0435\\u043d\\u0442\\u0430\\u0440\\u0438\\u0439\"]}}]"
  }
},
{
  "model": "admin.logentry",
  "pk": 103,
  "fields": {
    "action_time": "2023-06-22T16:38:32.755Z",
    "user": 1,
    "content_type": 12,
    "object_id": "37",
    "object_repr": "111 111, 111, +79259404665",
    "action_flag": 2,
    "change_message": "[]"
  }
},
{
  "model": "admin.logentry",
  "pk": 104,
  "fields": {
    "action_time": "2023-06-22T16:38:42.569Z",
    "user": 1,
    "content_type": 12,
    "object_id": "39",
    "object_repr": "Иванов Тимур, Москва, Новый Арбат 10, +79259404366",
    "action_flag": 2,
    "change_message": "[]"
  }
},
{
  "model": "admin.logentry",
  "pk": 105,
  "fields": {
    "action_time": "2023-06-22T16:38:52.717Z",
    "user": 1,
    "content_type": 12,
    "object_id": "41",
    "object_repr": "Петров Иван, Москва, +79291000000",
    "action_flag": 2,
    "change_message": "[]"
  }
},
{
  "model": "admin.logentry",
  "pk": 106,
  "fields": {
    "action_time": "2023-06-22T16:39:02.488Z",
    "user": 1,
    "content_type": 12,
    "object_id": "45",
    "object_repr": "Петров Пупкин, Москва, +79291000000",
    "action_flag": 2,
    "change_message": "[]"
  }
},
{
  "model": "admin.logentry",
  "pk": 107,
  "fields": {
    "action_time": "2023-06-22T16:39:12.328Z",
    "user": 1,
    "content_type": 12,
    "object_id": "46",
    "object_repr": "Петров 45Пупкин, Москва, +79291000000",
    "action_flag": 2,
    "change_message": "[]"
  }
},
{
  "model": "admin.logentry",
  "pk": 108,
  "fields": {
    "action_time": "2023-06-22T16:39:25.303Z",
    "user": 1,
    "content_type": 12,
    "object_id": "47",
    "object_repr": "Чесноков Петр, Москва, +79291000000",
    "action_flag": 2,
    "change_message": "[]"
  }
},
{
  "model": "admin.logentry",
  "pk": 109,
  "fields": {
    "action_time": "2023-06-23T10:32:43.433Z",
    "user": 1,
    "content_type": 12,
    "object_id": "49",
    "object_repr": "123 123, 123, +79259404665",
    "action_flag": 1,
    "change_message": "[{\"added\": {}}, {\"added\": {\"name\": \"\\u044d\\u043b\\u0435\\u043c\\u0435\\u043d\\u0442 \\u0437\\u0430\\u043a\\u0430\\u0437\\u0430\", \"object\": \"\\u0424\\u0438\\u0448 \\u0420\\u043e\\u043b\\u043b 123 123, 123\"}}]"
  }
},
{
  "model": "admin.logentry",
  "pk": 110,
  "fields": {
    "action_time": "2023-06-23T10:47:20.736Z",
    "user": 1,
    "content_type": 12,
    "object_id": "3",
    "object_repr": "О21 Юрий777, Москва, Цветной бульвар, 2, +79259990066",
    "action_flag": 2,
    "change_message": "[]"
  }
},
{
  "model": "admin.logentry",
  "pk": 111,
  "fields": {
    "action_time": "2023-06-23T10:47:41.936Z",
    "user": 1,
    "content_type": 12,
    "object_id": "3",
    "object_repr": "О21 Юрий777, Москва, Цветной бульвар, 2, +79259990066",
    "action_flag": 2,
    "change_message": "[]"
  }
},
{
  "model": "admin.logentry",
  "pk": 112,
  "fields": {
    "action_time": "2023-06-23T10:49:21.210Z",
    "user": 1,
    "content_type": 12,
    "object_id": "49",
    "object_repr": "123 123, 123, +79259404665",
    "action_flag": 2,
    "change_message": "[{\"changed\": {\"fields\": [\"\\u0421\\u043f\\u043e\\u0441\\u043e\\u0431 \\u043e\\u043f\\u043b\\u0430\\u0442\\u044b\"]}}]"
  }
},
{
  "model": "admin.logentry",
  "pk": 113,
  "fields": {
    "action_time": "2023-06-23T10:55:41.585Z",
    "user": 1,
    "content_type": 12,
    "object_id": "3",
    "object_repr": "О21 Юрий777, Москва, Цветной бульвар, 2, +79259990066",
    "action_flag": 2,
    "change_message": "[{\"changed\": {\"fields\": [\"\\u0421\\u043f\\u043e\\u0441\\u043e\\u0431 \\u043e\\u043f\\u043b\\u0430\\u0442\\u044b\"]}}]"
  }
},
{
  "model": "admin.logentry",
  "pk": 114,
  "fields": {
    "action_time": "2023-07-07T15:50:58.273Z",
    "user": 1,
    "content_type": 12,
    "object_id": "3",
    "object_repr": "О21 Юрий777, Москва, Цветной бульвар, 2, +79259990066",
    "action_flag": 2,
    "change_message": "[{\"changed\": {\"fields\": [\"\\u0420\\u0435\\u0441\\u0442\\u043e\\u0440\\u0430\\u043d\"]}}]"
  }
},
{
  "model": "admin.logentry",
  "pk": 115,
  "fields": {
    "action_time": "2023-07-07T15:51:36.289Z",
    "user": 1,
    "content_type": 12,
    "object_id": "3",
    "object_repr": "О21 Юрий777, Москва, Цветной бульвар, 2, +79259990066",
    "action_flag": 2,
    "change_message": "[{\"changed\": {\"fields\": [\"\\u0420\\u0435\\u0441\\u0442\\u043e\\u0440\\u0430\\u043d\"]}}]"
  }
},
{
  "model": "admin.logentry",
  "pk": 116,
  "fields": {
    "action_time": "2023-07-07T16:19:12.152Z",
    "user": 1,
    "content_type": 12,
    "object_id": "3",
    "object_repr": "О21 Юрий777, Москва, Цветной бульвар, 2, +79259990066",
    "action_flag": 2,
    "change_message": "[{\"changed\": {\"fields\": [\"\\u0420\\u0435\\u0441\\u0442\\u043e\\u0440\\u0430\\u043d\"]}}]"
  }
},
{
  "model": "admin.logentry",
  "pk": 117,
  "fields": {
    "action_time": "2023-07-07T16:31:00.837Z",
    "user": 1,
    "content_type": 12,
    "object_id": "3",
    "object_repr": "О21 Юрий777, Москва, Цветной бульвар, 2, +79259990066",
    "action_flag": 2,
    "change_message": "[]"
  }
},
{
  "model": "admin.logentry",
  "pk": 118,
  "fields": {
    "action_time": "2023-07-07T16:43:39.833Z",
    "user": 1,
    "content_type": 12,
    "object_id": "3",
    "object_repr": "О21 Юрий777, Москва, Цветной бульвар, 2, +79259990066",
    "action_flag": 2,
    "change_message": "[{\"changed\": {\"fields\": [\"\\u0420\\u0435\\u0441\\u0442\\u043e\\u0440\\u0430\\u043d\"]}}]"
  }
},
{
  "model": "admin.logentry",
  "pk": 119,
  "fields": {
    "action_time": "2023-07-07T16:44:07.671Z",
    "user": 1,
    "content_type": 12,
    "object_id": "3",
    "object_repr": "О21 Юрий777, Москва, Цветной бульвар, 2, +79259990066",
    "action_flag": 2,
    "change_message": "[{\"changed\": {\"fields\": [\"\\u0420\\u0435\\u0441\\u0442\\u043e\\u0440\\u0430\\u043d\"]}}]"
  }
},
{
  "model": "admin.logentry",
  "pk": 120,
  "fields": {
    "action_time": "2023-07-07T17:29:24.477Z",
    "user": 1,
    "content_type": 12,
    "object_id": "3",
    "object_repr": "О21 Юрий777, Москва, Цветной бульвар, 2, +79259990066",
    "action_flag": 2,
    "change_message": "[{\"changed\": {\"fields\": [\"\\u0421\\u0442\\u0430\\u0442\\u0443\\u0441\", \"\\u0420\\u0435\\u0441\\u0442\\u043e\\u0440\\u0430\\u043d\"]}}]"
  }
},
{
  "model": "admin.logentry",
  "pk": 121,
  "fields": {
    "action_time": "2023-07-07T17:29:55.740Z",
    "user": 1,
    "content_type": 12,
    "object_id": "3",
    "object_repr": "О21 Юрий777, Москва, Цветной бульвар, 2, +79259990066",
    "action_flag": 2,
    "change_message": "[{\"changed\": {\"fields\": [\"\\u0420\\u0435\\u0441\\u0442\\u043e\\u0440\\u0430\\u043d\"]}}]"
  }
},
{
  "model": "admin.logentry",
  "pk": 122,
  "fields": {
    "action_time": "2023-07-07T17:32:55.301Z",
    "user": 1,
    "content_type": 12,
    "object_id": "3",
    "object_repr": "О21 Юрий777, Москва, Цветной бульвар, 2, +79259990066",
    "action_flag": 2,
    "change_message": "[]"
  }
},
{
  "model": "admin.logentry",
  "pk": 123,
  "fields": {
    "action_time": "2023-07-07T17:35:07.668Z",
    "user": 1,
    "content_type": 12,
    "object_id": "3",
    "object_repr": "О21 Юрий777, Москва, Цветной бульвар, 2, +79259990066",
    "action_flag": 2,
    "change_message": "[]"
  }
},
{
  "model": "admin.logentry",
  "pk": 124,
  "fields": {
    "action_time": "2023-07-07T17:36:01.355Z",
    "user": 1,
    "content_type": 12,
    "object_id": "3",
    "object_repr": "О21 Юрий777, Москва, Цветной бульвар, 2, +79259990066",
    "action_flag": 2,
    "change_message": "[{\"changed\": {\"name\": \"\\u044d\\u043b\\u0435\\u043c\\u0435\\u043d\\u0442 \\u0437\\u0430\\u043a\\u0430\\u0437\\u0430\", \"object\": \"\\u0424\\u0438\\u0448 \\u0420\\u043e\\u043b\\u043b \\u041e21 \\u042e\\u0440\\u0438\\u0439777, \\u041c\\u043e\\u0441\\u043a\\u0432\\u0430, \\u0426\\u0432\\u0435\\u0442\\u043d\\u043e\\u0439 \\u0431\\u0443\\u043b\\u044c\\u0432\\u0430\\u0440, 2\", \"fields\": [\"\\u041a\\u043e\\u043b\\u0438\\u0447\\u0435\\u0441\\u0442\\u0432\\u043e\"]}}]"
  }
},
{
  "model": "admin.logentry",
  "pk": 125,
  "fields": {
    "action_time": "2023-07-07T17:38:03.550Z",
    "user": 1,
    "content_type": 12,
    "object_id": "3",
    "object_repr": "О21 Юрий777, Москва, Цветной бульвар, 2, +79259990066",
    "action_flag": 2,
    "change_message": "[{\"changed\": {\"fields\": [\"\\u0420\\u0435\\u0441\\u0442\\u043e\\u0440\\u0430\\u043d\"]}}]"
  }
},
{
  "model": "admin.logentry",
  "pk": 126,
  "fields": {
    "action_time": "2023-07-07T17:38:42.316Z",
    "user": 1,
    "content_type": 12,
    "object_id": "3",
    "object_repr": "О21 Юрий777, Москва, Цветной бульвар, 2, +79259990066",
    "action_flag": 2,
    "change_message": "[{\"changed\": {\"fields\": [\"\\u0420\\u0435\\u0441\\u0442\\u043e\\u0440\\u0430\\u043d\"]}}]"
  }
},
{
  "model": "admin.logentry",
  "pk": 127,
  "fields": {
    "action_time": "2023-07-07T18:08:00.261Z",
    "user": 1,
    "content_type": 12,
    "object_id": "3",
    "object_repr": "О21 Юрий777, Москва, Цветной бульвар, 2, +79259990066",
    "action_flag": 2,
    "change_message": "[{\"changed\": {\"fields\": [\"\\u0420\\u0435\\u0441\\u0442\\u043e\\u0440\\u0430\\u043d\"]}}]"
  }
},
{
  "model": "admin.logentry",
  "pk": 128,
  "fields": {
    "action_time": "2023-07-07T18:12:16.009Z",
    "user": 1,
    "content_type": 12,
    "object_id": "3",
    "object_repr": "О21 Юрий777, Москва, Цветной бульвар, 2, +79259990066",
    "action_flag": 2,
    "change_message": "[{\"changed\": {\"fields\": [\"\\u0420\\u0435\\u0441\\u0442\\u043e\\u0440\\u0430\\u043d\"]}}]"
  }
},
{
  "model": "admin.logentry",
  "pk": 129,
  "fields": {
    "action_time": "2023-07-07T18:12:59.408Z",
    "user": 1,
    "content_type": 12,
    "object_id": "3",
    "object_repr": "О21 Юрий777, Москва, Цветной бульвар, 2, +79259990066",
    "action_flag": 2,
    "change_message": "[]"
  }
},
{
  "model": "admin.logentry",
  "pk": 130,
  "fields": {
    "action_time": "2023-07-07T18:18:44.275Z",
    "user": 1,
    "content_type": 12,
    "object_id": "37",
    "object_repr": "111 111, 111, +79259404665",
    "action_flag": 2,
    "change_message": "[{\"changed\": {\"fields\": [\"\\u0420\\u0435\\u0441\\u0442\\u043e\\u0440\\u0430\\u043d\"]}}, {\"changed\": {\"name\": \"\\u044d\\u043b\\u0435\\u043c\\u0435\\u043d\\u0442 \\u0437\\u0430\\u043a\\u0430\\u0437\\u0430\", \"object\": \"\\u0421\\u0442\\u0435\\u0439\\u043a\\u0445\\u0430\\u0443\\u0441 111 111, 111\", \"fields\": [\"\\u041a\\u043e\\u043b\\u0438\\u0447\\u0435\\u0441\\u0442\\u0432\\u043e\"]}}]"
  }
},
{
  "model": "admin.logentry",
  "pk": 131,
  "fields": {
    "action_time": "2023-07-07T18:27:30.527Z",
    "user": 1,
    "content_type": 12,
    "object_id": "3",
    "object_repr": "О21 Юрий777, Москва, Цветной бульвар, 2, +79259990066",
    "action_flag": 2,
    "change_message": "[{\"changed\": {\"fields\": [\"\\u0420\\u0435\\u0441\\u0442\\u043e\\u0440\\u0430\\u043d\"]}}]"
  }
},
{
  "model": "admin.logentry",
  "pk": 132,
  "fields": {
    "action_time": "2023-07-07T18:28:14.044Z",
    "user": 1,
    "content_type": 12,
    "object_id": "3",
    "object_repr": "О21 Юрий777, Москва, Цветной бульвар, 2, +79259990066",
    "action_flag": 2,
    "change_message": "[{\"changed\": {\"fields\": [\"\\u0420\\u0435\\u0441\\u0442\\u043e\\u0440\\u0430\\u043d\"]}}, {\"changed\": {\"name\": \"\\u044d\\u043b\\u0435\\u043c\\u0435\\u043d\\u0442 \\u0437\\u0430\\u043a\\u0430\\u0437\\u0430\", \"object\": \"\\u0424\\u0438\\u0448 \\u0420\\u043e\\u043b\\u043b \\u041e21 \\u042e\\u0440\\u0438\\u0439777, \\u041c\\u043e\\u0441\\u043a\\u0432\\u0430, \\u0426\\u0432\\u0435\\u0442\\u043d\\u043e\\u0439 \\u0431\\u0443\\u043b\\u044c\\u0432\\u0430\\u0440, 2\", \"fields\": [\"\\u041a\\u043e\\u043b\\u0438\\u0447\\u0435\\u0441\\u0442\\u0432\\u043e\"]}}]"
  }
},
{
  "model": "admin.logentry",
  "pk": 133,
  "fields": {
    "action_time": "2023-07-07T18:29:02.028Z",
    "user": 1,
    "content_type": 12,
    "object_id": "3",
    "object_repr": "О21 Юрий777, Москва, Цветной бульвар, 2, +79259990066",
    "action_flag": 2,
    "change_message": "[{\"changed\": {\"name\": \"\\u044d\\u043b\\u0435\\u043c\\u0435\\u043d\\u0442 \\u0437\\u0430\\u043a\\u0430\\u0437\\u0430\", \"object\": \"\\u0424\\u0438\\u0448 \\u0420\\u043e\\u043b\\u043b \\u041e21 \\u042e\\u0440\\u0438\\u0439777, \\u041c\\u043e\\u0441\\u043a\\u0432\\u0430, \\u0426\\u0432\\u0435\\u0442\\u043d\\u043e\\u0439 \\u0431\\u0443\\u043b\\u044c\\u0432\\u0430\\u0440, 2\", \"fields\": [\"\\u041a\\u043e\\u043b\\u0438\\u0447\\u0435\\u0441\\u0442\\u0432\\u043e\"]}}]"
  }
},
{
  "model": "admin.logentry",
  "pk": 134,
  "fields": {
    "action_time": "2023-07-07T18:31:15.846Z",
    "user": 1,
    "content_type": 12,
    "object_id": "3",
    "object_repr": "О21 Юрий777, Москва, Цветной бульвар, 2, +79259990066",
    "action_flag": 2,
    "change_message": "[{\"changed\": {\"name\": \"\\u044d\\u043b\\u0435\\u043c\\u0435\\u043d\\u0442 \\u0437\\u0430\\u043a\\u0430\\u0437\\u0430\", \"object\": \"\\u0424\\u0438\\u0448 \\u0420\\u043e\\u043b\\u043b \\u041e21 \\u042e\\u0440\\u0438\\u0439777, \\u041c\\u043e\\u0441\\u043a\\u0432\\u0430, \\u0426\\u0432\\u0435\\u0442\\u043d\\u043e\\u0439 \\u0431\\u0443\\u043b\\u044c\\u0432\\u0430\\u0440, 2\", \"fields\": [\"\\u041a\\u043e\\u043b\\u0438\\u0447\\u0435\\u0441\\u0442\\u0432\\u043e\"]}}]"
  }
},
{
  "model": "admin.logentry",
  "pk": 135,
  "fields": {
    "action_time": "2023-07-07T18:33:13.361Z",
    "user": 1,
    "content_type": 12,
    "object_id": "3",
    "object_repr": "О21 Юрий777, Москва, Цветной бульвар, 2, +79259990066",
    "action_flag": 2,
    "change_message": "[{\"changed\": {\"name\": \"\\u044d\\u043b\\u0435\\u043c\\u0435\\u043d\\u0442 \\u0437\\u0430\\u043a\\u0430\\u0437\\u0430\", \"object\": \"\\u0424\\u0438\\u0448 \\u0420\\u043e\\u043b\\u043b \\u041e21 \\u042e\\u0440\\u0438\\u0439777, \\u041c\\u043e\\u0441\\u043a\\u0432\\u0430, \\u0426\\u0432\\u0435\\u0442\\u043d\\u043e\\u0439 \\u0431\\u0443\\u043b\\u044c\\u0432\\u0430\\u0440, 2\", \"fields\": [\"\\u041a\\u043e\\u043b\\u0438\\u0447\\u0435\\u0441\\u0442\\u0432\\u043e\"]}}]"
  }
},
{
  "model": "admin.logentry",
  "pk": 136,
  "fields": {
    "action_time": "2023-07-07T18:34:18.748Z",
    "user": 1,
    "content_type": 12,
    "object_id": "39",
    "object_repr": "Иванов Тимур, Москва, Новый Арбат 10, +79259404366",
    "action_flag": 2,
    "change_message": "[{\"changed\": {\"name\": \"\\u044d\\u043b\\u0435\\u043c\\u0435\\u043d\\u0442 \\u0437\\u0430\\u043a\\u0430\\u0437\\u0430\", \"object\": \"\\u0421\\u0442\\u0435\\u0439\\u043a\\u0445\\u0430\\u0443\\u0441 \\u0418\\u0432\\u0430\\u043d\\u043e\\u0432 \\u0422\\u0438\\u043c\\u0443\\u0440, \\u041c\\u043e\\u0441\\u043a\\u0432\\u0430, \\u041d\\u043e\\u0432\\u044b\\u0439 \\u0410\\u0440\\u0431\\u0430\\u0442 10\", \"fields\": [\"\\u041a\\u043e\\u043b\\u0438\\u0447\\u0435\\u0441\\u0442\\u0432\\u043e\"]}}]"
  }
},
{
  "model": "admin.logentry",
  "pk": 137,
  "fields": {
    "action_time": "2023-07-07T18:35:04.802Z",
    "user": 1,
    "content_type": 12,
    "object_id": "39",
    "object_repr": "Иванов Тимур, Москва, Новый Арбат 10, +79259404366",
    "action_flag": 2,
    "change_message": "[{\"changed\": {\"fields\": [\"\\u041a\\u043e\\u043c\\u043c\\u0435\\u043d\\u0442\\u0430\\u0440\\u0438\\u0439\"]}}]"
  }
},
{
  "model": "admin.logentry",
  "pk": 138,
  "fields": {
    "action_time": "2023-07-07T18:43:13.187Z",
    "user": 1,
    "content_type": 12,
    "object_id": "3",
    "object_repr": "О21 Юрий777, Москва, Цветной бульвар, 2, +79259990066",
    "action_flag": 2,
    "change_message": "[{\"changed\": {\"name\": \"\\u044d\\u043b\\u0435\\u043c\\u0435\\u043d\\u0442 \\u0437\\u0430\\u043a\\u0430\\u0437\\u0430\", \"object\": \"\\u0424\\u0438\\u0448 \\u0420\\u043e\\u043b\\u043b \\u041e21 \\u042e\\u0440\\u0438\\u0439777, \\u041c\\u043e\\u0441\\u043a\\u0432\\u0430, \\u0426\\u0432\\u0435\\u0442\\u043d\\u043e\\u0439 \\u0431\\u0443\\u043b\\u044c\\u0432\\u0430\\u0440, 2\", \"fields\": [\"\\u041a\\u043e\\u043b\\u0438\\u0447\\u0435\\u0441\\u0442\\u0432\\u043e\"]}}]"
  }
},
{
  "model": "admin.logentry",
  "pk": 139,
  "fields": {
    "action_time": "2023-07-07T18:44:48.365Z",
    "user": 1,
    "content_type": 12,
    "object_id": "3",
    "object_repr": "О21 Юрий777, Москва, Цветной бульвар, 2, +79259990066",
    "action_flag": 2,
    "change_message": "[{\"changed\": {\"fields\": [\"\\u041a\\u043e\\u043c\\u043c\\u0435\\u043d\\u0442\\u0430\\u0440\\u0438\\u0439\", \"\\u0420\\u0435\\u0441\\u0442\\u043e\\u0440\\u0430\\u043d\"]}}, {\"changed\": {\"name\": \"\\u044d\\u043b\\u0435\\u043c\\u0435\\u043d\\u0442 \\u0437\\u0430\\u043a\\u0430\\u0437\\u0430\", \"object\": \"\\u0424\\u0438\\u0448 \\u0420\\u043e\\u043b\\u043b \\u041e21 \\u042e\\u0440\\u0438\\u0439777, \\u041c\\u043e\\u0441\\u043a\\u0432\\u0430, \\u0426\\u0432\\u0435\\u0442\\u043d\\u043e\\u0439 \\u0431\\u0443\\u043b\\u044c\\u0432\\u0430\\u0440, 2\", \"fields\": [\"\\u041a\\u043e\\u043b\\u0438\\u0447\\u0435\\u0441\\u0442\\u0432\\u043e\"]}}, {\"changed\": {\"name\": \"\\u044d\\u043b\\u0435\\u043c\\u0435\\u043d\\u0442 \\u0437\\u0430\\u043a\\u0430\\u0437\\u0430\", \"object\": \"\\u0428\\u0440\\u0438\\u043c\\u043f \\u0420\\u043e\\u043b\\u043b \\u041e21 \\u042e\\u0440\\u0438\\u0439777, \\u041c\\u043e\\u0441\\u043a\\u0432\\u0430, \\u0426\\u0432\\u0435\\u0442\\u043d\\u043e\\u0439 \\u0431\\u0443\\u043b\\u044c\\u0432\\u0430\\u0440, 2\", \"fields\": [\"\\u041a\\u043e\\u043b\\u0438\\u0447\\u0435\\u0441\\u0442\\u0432\\u043e\"]}}]"
  }
},
{
  "model": "admin.logentry",
  "pk": 140,
  "fields": {
    "action_time": "2023-07-07T18:45:28.708Z",
    "user": 1,
    "content_type": 12,
    "object_id": "3",
    "object_repr": "О21 Юрий777, Москва, Цветной бульвар, 2, +79259990066",
    "action_flag": 2,
    "change_message": "[{\"added\": {\"name\": \"\\u044d\\u043b\\u0435\\u043c\\u0435\\u043d\\u0442 \\u0437\\u0430\\u043a\\u0430\\u0437\\u0430\", \"object\": \"\\u041b\\u043e\\u043d\\u0433 \\u0427\\u0438\\u0437\\u0431\\u0443\\u0440\\u0433\\u0435\\u0440 \\u041e21 \\u042e\\u0440\\u0438\\u0439777, \\u041c\\u043e\\u0441\\u043a\\u0432\\u0430, \\u0426\\u0432\\u0435\\u0442\\u043d\\u043e\\u0439 \\u0431\\u0443\\u043b\\u044c\\u0432\\u0430\\u0440, 2\"}}]"
  }
},
{
  "model": "admin.logentry",
  "pk": 141,
  "fields": {
    "action_time": "2023-07-07T18:47:01.195Z",
    "user": 1,
    "content_type": 12,
    "object_id": "3",
    "object_repr": "О21 Юрий777, Москва, Цветной бульвар, 2, +79259990066",
    "action_flag": 2,
    "change_message": "[{\"deleted\": {\"name\": \"\\u044d\\u043b\\u0435\\u043c\\u0435\\u043d\\u0442 \\u0437\\u0430\\u043a\\u0430\\u0437\\u0430\", \"object\": \"\\u0428\\u0440\\u0438\\u043c\\u043f \\u0420\\u043e\\u043b\\u043b \\u041e21 \\u042e\\u0440\\u0438\\u0439777, \\u041c\\u043e\\u0441\\u043a\\u0432\\u0430, \\u0426\\u0432\\u0435\\u0442\\u043d\\u043e\\u0439 \\u0431\\u0443\\u043b\\u044c\\u0432\\u0430\\u0440, 2\"}}]"
  }
},
{
  "model": "admin.logentry",
  "pk": 142,
  "fields": {
    "action_time": "2023-07-07T18:47:37.710Z",
    "user": 1,
    "content_type": 12,
    "object_id": "3",
    "object_repr": "О21 Юрий777, Москва, Цветной бульвар, 2, +79259990066",
    "action_flag": 2,
    "change_message": "[{\"added\": {\"name\": \"\\u044d\\u043b\\u0435\\u043c\\u0435\\u043d\\u0442 \\u0437\\u0430\\u043a\\u0430\\u0437\\u0430\", \"object\": \"\\u0428\\u0440\\u0438\\u043c\\u043f \\u0420\\u043e\\u043b\\u043b \\u041e21 \\u042e\\u0440\\u0438\\u0439777, \\u041c\\u043e\\u0441\\u043a\\u0432\\u0430, \\u0426\\u0432\\u0435\\u0442\\u043d\\u043e\\u0439 \\u0431\\u0443\\u043b\\u044c\\u0432\\u0430\\u0440, 2\"}}]"
  }
},
{
  "model": "admin.logentry",
  "pk": 143,
  "fields": {
    "action_time": "2023-07-07T18:49:11.745Z",
    "user": 1,
    "content_type": 12,
    "object_id": "3",
    "object_repr": "О21 Юрий777, Москва, Цветной бульвар, 2, +79259990066",
    "action_flag": 2,
    "change_message": "[{\"added\": {\"name\": \"\\u044d\\u043b\\u0435\\u043c\\u0435\\u043d\\u0442 \\u0437\\u0430\\u043a\\u0430\\u0437\\u0430\", \"object\": \"\\u0428\\u0440\\u0438\\u043c\\u043f \\u0420\\u043e\\u043b\\u043b \\u041e21 \\u042e\\u0440\\u0438\\u0439777, \\u041c\\u043e\\u0441\\u043a\\u0432\\u0430, \\u0426\\u0432\\u0435\\u0442\\u043d\\u043e\\u0439 \\u0431\\u0443\\u043b\\u044c\\u0432\\u0430\\u0440, 2\"}}]"
  }
},
{
  "model": "admin.logentry",
  "pk": 144,
  "fields": {
    "action_time": "2023-07-07T18:50:19.520Z",
    "user": 1,
    "content_type": 12,
    "object_id": "3",
    "object_repr": "О21 Юрий777, Москва, Цветной бульвар, 2, +79259990066",
    "action_flag": 2,
    "change_message": "[{\"changed\": {\"name\": \"\\u044d\\u043b\\u0435\\u043c\\u0435\\u043d\\u0442 \\u0437\\u0430\\u043a\\u0430\\u0437\\u0430\", \"object\": \"\\u0424\\u0438\\u0448 \\u0420\\u043e\\u043b\\u043b \\u041e21 \\u042e\\u0440\\u0438\\u0439777, \\u041c\\u043e\\u0441\\u043a\\u0432\\u0430, \\u0426\\u0432\\u0435\\u0442\\u043d\\u043e\\u0439 \\u0431\\u0443\\u043b\\u044c\\u0432\\u0430\\u0440, 2\", \"fields\": [\"\\u041a\\u043e\\u043b\\u0438\\u0447\\u0435\\u0441\\u0442\\u0432\\u043e\"]}}]"
  }
},
{
  "model": "admin.logentry",
  "pk": 145,
  "fields": {
    "action_time": "2023-07-07T18:50:54.035Z",
    "user": 1,
    "content_type": 12,
    "object_id": "3",
    "object_repr": "О21 Юрий777, Москва, Цветной бульвар, 2, +79259990066",
    "action_flag": 2,
    "change_message": "[{\"changed\": {\"name\": \"\\u044d\\u043b\\u0435\\u043c\\u0435\\u043d\\u0442 \\u0437\\u0430\\u043a\\u0430\\u0437\\u0430\", \"object\": \"\\u0424\\u0438\\u0448 \\u0420\\u043e\\u043b\\u043b \\u041e21 \\u042e\\u0440\\u0438\\u0439777, \\u041c\\u043e\\u0441\\u043a\\u0432\\u0430, \\u0426\\u0432\\u0435\\u0442\\u043d\\u043e\\u0439 \\u0431\\u0443\\u043b\\u044c\\u0432\\u0430\\u0440, 2\", \"fields\": [\"\\u0424\\u0438\\u043a\\u0441\\u0438\\u0440\\u043e\\u0432\\u0430\\u043d\\u043d\\u0430\\u044f \\u0446\\u0435\\u043d\\u0430 \\u0442\\u043e\\u0432\\u0430\\u0440\\u0430\"]}}]"
  }
},
{
  "model": "admin.logentry",
  "pk": 146,
  "fields": {
    "action_time": "2023-07-07T18:53:41.121Z",
    "user": 1,
    "content_type": 12,
    "object_id": "3",
    "object_repr": "О21 Юрий777, Москва, Цветной бульвар, 2, +79259990066",
    "action_flag": 2,
    "change_message": "[{\"changed\": {\"name\": \"\\u044d\\u043b\\u0435\\u043c\\u0435\\u043d\\u0442 \\u0437\\u0430\\u043a\\u0430\\u0437\\u0430\", \"object\": \"\\u0424\\u0438\\u0448 \\u0420\\u043e\\u043b\\u043b \\u041e21 \\u042e\\u0440\\u0438\\u0439777, \\u041c\\u043e\\u0441\\u043a\\u0432\\u0430, \\u0426\\u0432\\u0435\\u0442\\u043d\\u043e\\u0439 \\u0431\\u0443\\u043b\\u044c\\u0432\\u0430\\u0440, 2\", \"fields\": [\"\\u041a\\u043e\\u043b\\u0438\\u0447\\u0435\\u0441\\u0442\\u0432\\u043e\"]}}]"
  }
},
{
  "model": "admin.logentry",
  "pk": 147,
  "fields": {
    "action_time": "2023-07-07T18:54:18.565Z",
    "user": 1,
    "content_type": 12,
    "object_id": "3",
    "object_repr": "О21 Юрий777, Москва, Цветной бульвар, 2, +79259990066",
    "action_flag": 2,
    "change_message": "[{\"added\": {\"name\": \"\\u044d\\u043b\\u0435\\u043c\\u0435\\u043d\\u0442 \\u0437\\u0430\\u043a\\u0430\\u0437\\u0430\", \"object\": \"\\u0428\\u0440\\u0438\\u043c\\u043f \\u0420\\u043e\\u043b\\u043b \\u041e21 \\u042e\\u0440\\u0438\\u0439777, \\u041c\\u043e\\u0441\\u043a\\u0432\\u0430, \\u0426\\u0432\\u0435\\u0442\\u043d\\u043e\\u0439 \\u0431\\u0443\\u043b\\u044c\\u0432\\u0430\\u0440, 2\"}}, {\"changed\": {\"name\": \"\\u044d\\u043b\\u0435\\u043c\\u0435\\u043d\\u0442 \\u0437\\u0430\\u043a\\u0430\\u0437\\u0430\", \"object\": \"\\u0424\\u0438\\u0448 \\u0420\\u043e\\u043b\\u043b \\u041e21 \\u042e\\u0440\\u0438\\u0439777, \\u041c\\u043e\\u0441\\u043a\\u0432\\u0430, \\u0426\\u0432\\u0435\\u0442\\u043d\\u043e\\u0439 \\u0431\\u0443\\u043b\\u044c\\u0432\\u0430\\u0440, 2\", \"fields\": [\"\\u0424\\u0438\\u043a\\u0441\\u0438\\u0440\\u043e\\u0432\\u0430\\u043d\\u043d\\u0430\\u044f \\u0446\\u0435\\u043d\\u0430 \\u0442\\u043e\\u0432\\u0430\\u0440\\u0430\"]}}]"
  }
},
{
  "model": "admin.logentry",
  "pk": 148,
  "fields": {
    "action_time": "2023-07-07T18:55:36.218Z",
    "user": 1,
    "content_type": 12,
    "object_id": "3",
    "object_repr": "О21 Юрий777, Москва, Цветной бульвар, 2, +79259990066",
    "action_flag": 2,
    "change_message": "[{\"changed\": {\"name\": \"\\u044d\\u043b\\u0435\\u043c\\u0435\\u043d\\u0442 \\u0437\\u0430\\u043a\\u0430\\u0437\\u0430\", \"object\": \"\\u0428\\u0440\\u0438\\u043c\\u043f \\u0420\\u043e\\u043b\\u043b \\u041e21 \\u042e\\u0440\\u0438\\u0439777, \\u041c\\u043e\\u0441\\u043a\\u0432\\u0430, \\u0426\\u0432\\u0435\\u0442\\u043d\\u043e\\u0439 \\u0431\\u0443\\u043b\\u044c\\u0432\\u0430\\u0440, 2\", \"fields\": [\"\\u0424\\u0438\\u043a\\u0441\\u0438\\u0440\\u043e\\u0432\\u0430\\u043d\\u043d\\u0430\\u044f \\u0446\\u0435\\u043d\\u0430 \\u0442\\u043e\\u0432\\u0430\\u0440\\u0430\"]}}]"
  }
},
{
  "model": "admin.logentry",
  "pk": 149,
  "fields": {
    "action_time": "2023-07-07T18:56:10.618Z",
    "user": 1,
    "content_type": 12,
    "object_id": "3",
    "object_repr": "О21 Юрий777, Москва, Цветной бульвар, 2, +79259990066",
    "action_flag": 2,
    "change_message": "[{\"added\": {\"name\": \"\\u044d\\u043b\\u0435\\u043c\\u0435\\u043d\\u0442 \\u0437\\u0430\\u043a\\u0430\\u0437\\u0430\", \"object\": \"\\u0411\\u0435\\u043a\\u043e\\u043d\\u0430\\u0439\\u0437\\u0435\\u0440 \\u041e21 \\u042e\\u0440\\u0438\\u0439777, \\u041c\\u043e\\u0441\\u043a\\u0432\\u0430, \\u0426\\u0432\\u0435\\u0442\\u043d\\u043e\\u0439 \\u0431\\u0443\\u043b\\u044c\\u0432\\u0430\\u0440, 2\"}}, {\"changed\": {\"name\": \"\\u044d\\u043b\\u0435\\u043c\\u0435\\u043d\\u0442 \\u0437\\u0430\\u043a\\u0430\\u0437\\u0430\", \"object\": \"\\u0428\\u0440\\u0438\\u043c\\u043f \\u0420\\u043e\\u043b\\u043b \\u041e21 \\u042e\\u0440\\u0438\\u0439777, \\u041c\\u043e\\u0441\\u043a\\u0432\\u0430, \\u0426\\u0432\\u0435\\u0442\\u043d\\u043e\\u0439 \\u0431\\u0443\\u043b\\u044c\\u0432\\u0430\\u0440, 2\", \"fields\": [\"\\u041a\\u043e\\u043b\\u0438\\u0447\\u0435\\u0441\\u0442\\u0432\\u043e\"]}}]"
  }
},
{
  "model": "admin.logentry",
  "pk": 150,
  "fields": {
    "action_time": "2023-07-07T18:56:47.033Z",
    "user": 1,
    "content_type": 12,
    "object_id": "3",
    "object_repr": "О21 Юрий777, Москва, Цветной бульвар, 2, +79259990066",
    "action_flag": 2,
    "change_message": "[{\"changed\": {\"fields\": [\"\\u041a\\u043e\\u043c\\u043c\\u0435\\u043d\\u0442\\u0430\\u0440\\u0438\\u0439\", \"\\u0420\\u0435\\u0441\\u0442\\u043e\\u0440\\u0430\\u043d\"]}}]"
  }
},
{
  "model": "admin.logentry",
  "pk": 151,
  "fields": {
    "action_time": "2023-07-07T18:57:53.789Z",
    "user": 1,
    "content_type": 1,
    "object_id": "6",
    "object_repr": "Шримп Ролл",
    "action_flag": 2,
    "change_message": "[{\"changed\": {\"name\": \"\\u043f\\u0443\\u043d\\u043a\\u0442 \\u043c\\u0435\\u043d\\u044e \\u0440\\u0435\\u0441\\u0442\\u043e\\u0440\\u0430\\u043d\\u0430\", \"object\": \"Star Burger \\u0410\\u0440\\u0431\\u0430\\u0442 - \\u0428\\u0440\\u0438\\u043c\\u043f \\u0420\\u043e\\u043b\\u043b\", \"fields\": [\"\\u0420\\u0435\\u0441\\u0442\\u043e\\u0440\\u0430\\u043d\"]}}]"
  }
},
{
  "model": "admin.logentry",
  "pk": 152,
  "fields": {
    "action_time": "2023-07-07T18:58:39.626Z",
    "user": 1,
    "content_type": 12,
    "object_id": "3",
    "object_repr": "О21 Юрий777, Москва, Цветной бульвар, 2, +79259990066",
    "action_flag": 2,
    "change_message": "[{\"changed\": {\"fields\": [\"\\u0420\\u0435\\u0441\\u0442\\u043e\\u0440\\u0430\\u043d\"]}}]"
  }
},
{
  "model": "admin.logentry",
  "pk": 153,
  "fields": {
    "action_time": "2023-07-07T19:01:51.055Z",
    "user": 1,
    "content_type": 12,
    "object_id": "3",
    "object_repr": "О21 Юрий777, Москва, Цветной бульвар, 2, +79259990066",
    "action_flag": 2,
    "change_message": "[]"
  }
},
{
  "model": "admin.logentry",
  "pk": 154,
  "fields": {
    "action_time": "2023-07-07T19:04:06.066Z",
    "user": 1,
    "content_type": 12,
    "object_id": "3",
    "object_repr": "О21 Юрий777, Москва, Цветной бульвар, 2, +79259990066",
    "action_flag": 2,
    "change_message": "[{\"changed\": {\"name\": \"\\u044d\\u043b\\u0435\\u043c\\u0435\\u043d\\u0442 \\u0437\\u0430\\u043a\\u0430\\u0437\\u0430\", \"object\": \"\\u0421\\u0442\\u0435\\u0439\\u043a\\u0445\\u0430\\u0443\\u0441 \\u041e21 \\u042e\\u0440\\u0438\\u0439777, \\u041c\\u043e\\u0441\\u043a\\u0432\\u0430, \\u0426\\u0432\\u0435\\u0442\\u043d\\u043e\\u0439 \\u0431\\u0443\\u043b\\u044c\\u0432\\u0430\\u0440, 2\", \"fields\": [\"\\u0422\\u043e\\u0432\\u0430\\u0440\"]}}, {\"changed\": {\"name\": \"\\u044d\\u043b\\u0435\\u043c\\u0435\\u043d\\u0442 \\u0437\\u0430\\u043a\\u0430\\u0437\\u0430\", \"object\": \"\\u041b\\u043e\\u043d\\u0433 \\u0427\\u0438\\u0437\\u0431\\u0443\\u0440\\u0433\\u0435\\u0440 \\u041e21 \\u042e\\u0440\\u0438\\u0439777, \\u041c\\u043e\\u0441\\u043a\\u0432\\u0430, \\u0426\\u0432\\u0435\\u0442\\u043d\\u043e\\u0439 \\u0431\\u0443\\u043b\\u044c\\u0432\\u0430\\u0440, 2\", \"fields\": [\"\\u0422\\u043e\\u0432\\u0430\\u0440\"]}}, {\"changed\": {\"name\": \"\\u044d\\u043b\\u0435\\u043c\\u0435\\u043d\\u0442 \\u0437\\u0430\\u043a\\u0430\\u0437\\u0430\", \"object\": \"\\u0428\\u0440\\u0438\\u043c\\u043f \\u0420\\u043e\\u043b\\u043b \\u041e21 \\u042e\\u0440\\u0438\\u0439777, \\u041c\\u043e\\u0441\\u043a\\u0432\\u0430, \\u0426\\u0432\\u0435\\u0442\\u043d\\u043e\\u0439 \\u0431\\u0443\\u043b\\u044c\\u0432\\u0430\\u0440, 2\", \"fields\": [\"\\u0422\\u043e\\u0432\\u0430\\u0440\"]}}]"
  }
},
{
  "model": "admin.logentry",
  "pk": 155,
  "fields": {
    "action_time": "2023-07-07T21:25:07.319Z",
    "user": 1,
    "content_type": 1,
    "object_id": "6",
    "object_repr": "Шримп Ролл",
    "action_flag": 2,
    "change_message": "[{\"changed\": {\"name\": \"\\u043f\\u0443\\u043d\\u043a\\u0442 \\u043c\\u0435\\u043d\\u044e \\u0440\\u0435\\u0441\\u0442\\u043e\\u0440\\u0430\\u043d\\u0430\", \"object\": \"Star Burger \\u0415\\u0432\\u0440\\u043e\\u043f\\u0435\\u0439\\u0441\\u043a\\u0438\\u0439 - \\u0428\\u0440\\u0438\\u043c\\u043f \\u0420\\u043e\\u043b\\u043b\", \"fields\": [\"\\u0420\\u0435\\u0441\\u0442\\u043e\\u0440\\u0430\\u043d\"]}}]"
  }
},
{
  "model": "admin.logentry",
  "pk": 156,
  "fields": {
    "action_time": "2023-07-07T21:26:29.329Z",
    "user": 1,
    "content_type": 1,
    "object_id": "6",
    "object_repr": "Шримп Ролл",
    "action_flag": 2,
    "change_message": "[]"
  }
},
{
  "model": "admin.logentry",
  "pk": 157,
  "fields": {
    "action_time": "2023-07-07T21:45:54.910Z",
    "user": 1,
    "content_type": 1,
    "object_id": "6",
    "object_repr": "Шримп Ролл",
    "action_flag": 2,
    "change_message": "[{\"changed\": {\"name\": \"\\u043f\\u0443\\u043d\\u043a\\u0442 \\u043c\\u0435\\u043d\\u044e \\u0440\\u0435\\u0441\\u0442\\u043e\\u0440\\u0430\\u043d\\u0430\", \"object\": \"Star Burger \\u0426\\u0432\\u0435\\u0442\\u043d\\u043e\\u0439 - \\u0428\\u0440\\u0438\\u043c\\u043f \\u0420\\u043e\\u043b\\u043b\", \"fields\": [\"\\u0420\\u0435\\u0441\\u0442\\u043e\\u0440\\u0430\\u043d\"]}}]"
  }
},
{
  "model": "admin.logentry",
  "pk": 158,
  "fields": {
    "action_time": "2023-07-07T22:02:54.836Z",
    "user": 1,
    "content_type": 12,
    "object_id": "39",
    "object_repr": "Иванов Тимур, Москва, Новый Арбат 10, +79259404366",
    "action_flag": 2,
    "change_message": "[{\"changed\": {\"fields\": [\"\\u0420\\u0435\\u0441\\u0442\\u043e\\u0440\\u0430\\u043d\"]}}, {\"added\": {\"name\": \"\\u044d\\u043b\\u0435\\u043c\\u0435\\u043d\\u0442 \\u0437\\u0430\\u043a\\u0430\\u0437\\u0430\", \"object\": \"\\u041b\\u043e\\u043d\\u0433 \\u0427\\u0438\\u0437\\u0431\\u0443\\u0440\\u0433\\u0435\\u0440 \\u0418\\u0432\\u0430\\u043d\\u043e\\u0432 \\u0422\\u0438\\u043c\\u0443\\u0440, \\u041c\\u043e\\u0441\\u043a\\u0432\\u0430, \\u041d\\u043e\\u0432\\u044b\\u0439 \\u0410\\u0440\\u0431\\u0430\\u0442 10\"}}]"
  }
},
{
  "model": "admin.logentry",
  "pk": 159,
  "fields": {
    "action_time": "2023-07-08T10:17:58.203Z",
    "user": 1,
    "content_type": 12,
    "object_id": "37",
    "object_repr": "111 111, 111, +79259404665",
    "action_flag": 2,
    "change_message": "[{\"changed\": {\"fields\": [\"\\u0420\\u0435\\u0441\\u0442\\u043e\\u0440\\u0430\\u043d\"]}}, {\"changed\": {\"name\": \"\\u044d\\u043b\\u0435\\u043c\\u0435\\u043d\\u0442 \\u0437\\u0430\\u043a\\u0430\\u0437\\u0430\", \"object\": \"\\u0421\\u0442\\u0435\\u0439\\u043a\\u0445\\u0430\\u0443\\u0441 111 111, 111\", \"fields\": [\"\\u041a\\u043e\\u043b\\u0438\\u0447\\u0435\\u0441\\u0442\\u0432\\u043e\"]}}]"
  }
},
{
  "model": "admin.logentry",
  "pk": 160,
  "fields": {
    "action_time": "2023-07-08T11:03:44.106Z",
    "user": 1,
    "content_type": 12,
    "object_id": "37",
    "object_repr": "111 111, 111, +79259404665",
    "action_flag": 2,
    "change_message": "[{\"changed\": {\"name\": \"\\u044d\\u043b\\u0435\\u043c\\u0435\\u043d\\u0442 \\u0437\\u0430\\u043a\\u0430\\u0437\\u0430\", \"object\": \"\\u0421\\u0442\\u0435\\u0439\\u043a\\u0445\\u0430\\u0443\\u0441 111 111, 111\", \"fields\": [\"\\u041a\\u043e\\u043b\\u0438\\u0447\\u0435\\u0441\\u0442\\u0432\\u043e\"]}}]"
  }
},
{
  "model": "admin.logentry",
  "pk": 161,
  "fields": {
    "action_time": "2023-07-08T12:12:31.194Z",
    "user": 1,
    "content_type": 12,
    "object_id": "49",
    "object_repr": "123 123, Москва,  Монаховой, 84к1, +79259404665",
    "action_flag": 2,
    "change_message": "[{\"changed\": {\"fields\": [\"\\u0410\\u0434\\u0440\\u0435\\u0441\"]}}]"
  }
},
{
  "model": "admin.logentry",
  "pk": 162,
  "fields": {
    "action_time": "2023-07-08T12:13:32.269Z",
    "user": 1,
    "content_type": 12,
    "object_id": "48",
    "object_repr": "Коляныч Вася, Москва, Тухачевского, 45, +79259404665",
    "action_flag": 2,
    "change_message": "[{\"changed\": {\"fields\": [\"\\u0410\\u0434\\u0440\\u0435\\u0441\"]}}]"
  }
},
{
  "model": "admin.logentry",
  "pk": 163,
  "fields": {
    "action_time": "2023-07-08T12:14:22.424Z",
    "user": 1,
    "content_type": 12,
    "object_id": "47",
    "object_repr": "Чесноков Петр, Москва, Липовый, 7, +79291000000",
    "action_flag": 2,
    "change_message": "[{\"changed\": {\"fields\": [\"\\u0410\\u0434\\u0440\\u0435\\u0441\"]}}]"
  }
},
{
  "model": "admin.logentry",
  "pk": 164,
  "fields": {
    "action_time": "2023-07-08T12:14:56.889Z",
    "user": 1,
    "content_type": 12,
    "object_id": "45",
    "object_repr": "Петров Пупкин, Москва, Митинский рынок, +79291000000",
    "action_flag": 2,
    "change_message": "[{\"changed\": {\"fields\": [\"\\u0410\\u0434\\u0440\\u0435\\u0441\"]}}]"
  }
},
{
  "model": "admin.logentry",
  "pk": 165,
  "fields": {
    "action_time": "2023-07-08T12:15:20.825Z",
    "user": 1,
    "content_type": 12,
    "object_id": "46",
    "object_repr": "Петров 45Пупкин, Туапсе, вокзал, +79291000000",
    "action_flag": 2,
    "change_message": "[{\"changed\": {\"fields\": [\"\\u0410\\u0434\\u0440\\u0435\\u0441\"]}}]"
  }
},
{
  "model": "admin.logentry",
  "pk": 166,
  "fields": {
    "action_time": "2023-07-08T12:15:52.578Z",
    "user": 1,
    "content_type": 12,
    "object_id": "37",
    "object_repr": "111 111, Санкт-Петербург, зимний дворец, +79259404665",
    "action_flag": 2,
    "change_message": "[{\"changed\": {\"fields\": [\"\\u0410\\u0434\\u0440\\u0435\\u0441\"]}}]"
  }
},
{
  "model": "admin.logentry",
  "pk": 167,
  "fields": {
    "action_time": "2023-07-08T12:16:14.542Z",
    "user": 1,
    "content_type": 12,
    "object_id": "36",
    "object_repr": "777 777, Москва, Три топора, +79259404665",
    "action_flag": 2,
    "change_message": "[{\"changed\": {\"fields\": [\"\\u0410\\u0434\\u0440\\u0435\\u0441\"]}}]"
  }
},
{
  "model": "admin.logentry",
  "pk": 168,
  "fields": {
    "action_time": "2023-07-08T12:17:08.933Z",
    "user": 1,
    "content_type": 12,
    "object_id": "41",
    "object_repr": "Петров Иван, ???, +79291000000",
    "action_flag": 2,
    "change_message": "[{\"changed\": {\"fields\": [\"\\u0410\\u0434\\u0440\\u0435\\u0441\"]}}]"
  }
},
{
  "model": "admin.logentry",
  "pk": 169,
  "fields": {
    "action_time": "2023-07-08T12:23:43.226Z",
    "user": 1,
    "content_type": 12,
    "object_id": "3",
    "object_repr": "О21 Юрий777, Москва, Цветной бульвар, 2, +79259990066",
    "action_flag": 2,
    "change_message": "[{\"changed\": {\"fields\": [\"\\u0420\\u0435\\u0441\\u0442\\u043e\\u0440\\u0430\\u043d\"]}}]"
  }
},
{
  "model": "admin.logentry",
  "pk": 170,
  "fields": {
    "action_time": "2023-07-08T12:24:17.401Z",
    "user": 1,
    "content_type": 12,
    "object_id": "3",
    "object_repr": "О21 Юрий777, Москва, Цветной бульвар, 2, +79259990066",
    "action_flag": 2,
    "change_message": "[{\"changed\": {\"fields\": [\"\\u0420\\u0435\\u0441\\u0442\\u043e\\u0440\\u0430\\u043d\"]}}]"
  }
},
{
  "model": "admin.logentry",
  "pk": 171,
  "fields": {
    "action_time": "2023-07-08T15:15:47.393Z",
    "user": 1,
    "content_type": 12,
    "object_id": "3",
    "object_repr": "О21 Юрий777, Москва, Цветной бульвар, 2, +79259990066",
    "action_flag": 2,
    "change_message": "[{\"changed\": {\"name\": \"\\u044d\\u043b\\u0435\\u043c\\u0435\\u043d\\u0442 \\u0437\\u0430\\u043a\\u0430\\u0437\\u0430\", \"object\": \"\\u0428\\u0440\\u0438\\u043c\\u043f \\u0420\\u043e\\u043b\\u043b \\u041e21 \\u042e\\u0440\\u0438\\u0439777, \\u041c\\u043e\\u0441\\u043a\\u0432\\u0430, \\u0426\\u0432\\u0435\\u0442\\u043d\\u043e\\u0439 \\u0431\\u0443\\u043b\\u044c\\u0432\\u0430\\u0440, 2\", \"fields\": [\"\\u041a\\u043e\\u043b\\u0438\\u0447\\u0435\\u0441\\u0442\\u0432\\u043e\"]}}]"
  }
},
{
  "model": "admin.logentry",
  "pk": 172,
  "fields": {
    "action_time": "2023-07-10T17:47:13.548Z",
    "user": 1,
    "content_type": 12,
    "object_id": "37",
    "object_repr": "111 111, Санкт-Петербург, зимний дворец, +79259404665",
    "action_flag": 2,
    "change_message": "[{\"changed\": {\"name\": \"\\u044d\\u043b\\u0435\\u043c\\u0435\\u043d\\u0442 \\u0437\\u0430\\u043a\\u0430\\u0437\\u0430\", \"object\": \"\\u0421\\u0442\\u0435\\u0439\\u043a\\u0445\\u0430\\u0443\\u0441 111 111, \\u0421\\u0430\\u043d\\u043a\\u0442-\\u041f\\u0435\\u0442\\u0435\\u0440\\u0431\\u0443\\u0440\\u0433, \\u0437\\u0438\\u043c\\u043d\\u0438\\u0439 \\u0434\\u0432\\u043e\\u0440\\u0435\\u0446\", \"fields\": [\"\\u041a\\u043e\\u043b\\u0438\\u0447\\u0435\\u0441\\u0442\\u0432\\u043e\"]}}, {\"changed\": {\"name\": \"\\u044d\\u043b\\u0435\\u043c\\u0435\\u043d\\u0442 \\u0437\\u0430\\u043a\\u0430\\u0437\\u0430\", \"object\": \"\\u0428\\u0440\\u0438\\u043c\\u043f \\u0420\\u043e\\u043b\\u043b 111 111, \\u0421\\u0430\\u043d\\u043a\\u0442-\\u041f\\u0435\\u0442\\u0435\\u0440\\u0431\\u0443\\u0440\\u0433, \\u0437\\u0438\\u043c\\u043d\\u0438\\u0439 \\u0434\\u0432\\u043e\\u0440\\u0435\\u0446\", \"fields\": [\"\\u0424\\u0438\\u043a\\u0441\\u0438\\u0440\\u043e\\u0432\\u0430\\u043d\\u043d\\u0430\\u044f \\u0446\\u0435\\u043d\\u0430 \\u0442\\u043e\\u0432\\u0430\\u0440\\u0430\"]}}]"
  }
},
{
  "model": "admin.logentry",
  "pk": 173,
  "fields": {
    "action_time": "2023-07-11T19:13:43.804Z",
    "user": 1,
    "content_type": 12,
    "object_id": "53",
    "object_repr": "Васильевич Василий, Лондон, +79123456789",
    "action_flag": 3,
    "change_message": ""
  }
},
{
  "model": "admin.logentry",
  "pk": 174,
  "fields": {
    "action_time": "2023-07-11T19:13:44.044Z",
    "user": 1,
    "content_type": 12,
    "object_id": "52",
    "object_repr": "Васильевич Василий, Лондон, +79123456789",
    "action_flag": 3,
    "change_message": ""
  }
},
{
  "model": "admin.logentry",
  "pk": 175,
  "fields": {
    "action_time": "2023-07-11T19:13:44.318Z",
    "user": 1,
    "content_type": 12,
    "object_id": "51",
    "object_repr": "Васильевич Василий, Лондон, +79123456789",
    "action_flag": 3,
    "change_message": ""
  }
},
{
  "model": "admin.logentry",
  "pk": 176,
  "fields": {
    "action_time": "2023-07-11T19:13:44.575Z",
    "user": 1,
    "content_type": 12,
    "object_id": "50",
    "object_repr": "Васильевич Василий, Лондон, +79123456789",
    "action_flag": 3,
    "change_message": ""
  }
},
{
  "model": "admin.logentry",
  "pk": 177,
  "fields": {
    "action_time": "2023-07-11T20:42:29.394Z",
    "user": 1,
    "content_type": 12,
    "object_id": "59",
    "object_repr": "Васильевич Василий, Василий Лондон2345, +79123456789",
    "action_flag": 2,
    "change_message": "[]"
  }
},
{
  "model": "admin.logentry",
  "pk": 178,
  "fields": {
    "action_time": "2023-07-11T20:42:48.413Z",
    "user": 1,
    "content_type": 12,
    "object_id": "59",
    "object_repr": "Васильевич Василий, Василий Лондон2345, +79123456789",
    "action_flag": 2,
    "change_message": "[]"
  }
},
{
  "model": "admin.logentry",
  "pk": 179,
  "fields": {
    "action_time": "2023-07-11T20:48:06.118Z",
    "user": 1,
    "content_type": 12,
    "object_id": "59",
    "object_repr": "Васильевич Василий, Василий Лондон2345, +79123456789",
    "action_flag": 3,
    "change_message": ""
  }
},
{
  "model": "admin.logentry",
  "pk": 180,
  "fields": {
    "action_time": "2023-07-11T20:48:06.509Z",
    "user": 1,
    "content_type": 12,
    "object_id": "58",
    "object_repr": "Васильевич Василий, Лондон2345, +79123456789",
    "action_flag": 3,
    "change_message": ""
  }
},
{
  "model": "admin.logentry",
  "pk": 181,
  "fields": {
    "action_time": "2023-07-11T20:48:06.885Z",
    "user": 1,
    "content_type": 12,
    "object_id": "57",
    "object_repr": "Васильевич Василий, Лондон2345, +79123456789",
    "action_flag": 3,
    "change_message": ""
  }
},
{
  "model": "admin.logentry",
  "pk": 182,
  "fields": {
    "action_time": "2023-07-11T20:48:07.148Z",
    "user": 1,
    "content_type": 12,
    "object_id": "56",
    "object_repr": "Васильевич Василий, Лондон, +79123456789",
    "action_flag": 3,
    "change_message": ""
  }
},
{
  "model": "admin.logentry",
  "pk": 183,
  "fields": {
    "action_time": "2023-07-11T20:48:07.392Z",
    "user": 1,
    "content_type": 12,
    "object_id": "55",
    "object_repr": "Васильевич Василий, Лондон, +79123456789",
    "action_flag": 3,
    "change_message": ""
  }
},
{
  "model": "admin.logentry",
  "pk": 184,
  "fields": {
    "action_time": "2023-07-11T20:48:07.622Z",
    "user": 1,
    "content_type": 12,
    "object_id": "54",
    "object_repr": "Васильевич Василий, Лондон, +79123456789",
    "action_flag": 3,
    "change_message": ""
  }
},
{
  "model": "admin.logentry",
  "pk": 185,
  "fields": {
    "action_time": "2023-07-11T20:48:39.614Z",
    "user": 1,
    "content_type": 12,
    "object_id": "60",
    "object_repr": "Васильевич Василий, Лондон2345, +79123456789",
    "action_flag": 2,
    "change_message": "[]"
  }
},
{
  "model": "admin.logentry",
  "pk": 186,
  "fields": {
    "action_time": "2023-07-11T20:49:04.046Z",
    "user": 1,
    "content_type": 12,
    "object_id": "60",
    "object_repr": "Васильевич Василий, Лондон2345, +79123456789",
    "action_flag": 2,
    "change_message": "[{\"changed\": {\"name\": \"\\u044d\\u043b\\u0435\\u043c\\u0435\\u043d\\u0442 \\u0437\\u0430\\u043a\\u0430\\u0437\\u0430\", \"object\": \"\\u0421\\u0442\\u0435\\u0439\\u043a\\u0445\\u0430\\u0443\\u0441 \\u0412\\u0430\\u0441\\u0438\\u043b\\u044c\\u0435\\u0432\\u0438\\u0447 \\u0412\\u0430\\u0441\\u0438\\u043b\\u0438\\u0439, \\u041b\\u043e\\u043d\\u0434\\u043e\\u043d2345\", \"fields\": [\"\\u041a\\u043e\\u043b\\u0438\\u0447\\u0435\\u0441\\u0442\\u0432\\u043e\"]}}]"
  }
},
{
  "model": "admin.logentry",
  "pk": 187,
  "fields": {
    "action_time": "2023-07-11T20:50:09.985Z",
    "user": 1,
    "content_type": 12,
    "object_id": "60",
    "object_repr": "Васильевич Василий, Лондон2345, +79123456789",
    "action_flag": 2,
    "change_message": "[]"
  }
},
{
  "model": "auth.permission",
  "pk": 1,
  "fields": {
    "name": "Can add товар",
    "content_type": 1,
    "codename": "add_product"
  }
},
{
  "model": "auth.permission",
  "pk": 2,
  "fields": {
    "name": "Can change товар",
    "content_type": 1,
    "codename": "change_product"
  }
},
{
  "model": "auth.permission",
  "pk": 3,
  "fields": {
    "name": "Can delete товар",
    "content_type": 1,
    "codename": "delete_product"
  }
},
{
  "model": "auth.permission",
  "pk": 4,
  "fields": {
    "name": "Can view товар",
    "content_type": 1,
    "codename": "view_product"
  }
},
{
  "model": "auth.permission",
  "pk": 5,
  "fields": {
    "name": "Can add ресторан",
    "content_type": 2,
    "codename": "add_restaurant"
  }
},
{
  "model": "auth.permission",
  "pk": 6,
  "fields": {
    "name": "Can change ресторан",
    "content_type": 2,
    "codename": "change_restaurant"
  }
},
{
  "model": "auth.permission",
  "pk": 7,
  "fields": {
    "name": "Can delete ресторан",
    "content_type": 2,
    "codename": "delete_restaurant"
  }
},
{
  "model": "auth.permission",
  "pk": 8,
  "fields": {
    "name": "Can view ресторан",
    "content_type": 2,
    "codename": "view_restaurant"
  }
},
{
  "model": "auth.permission",
  "pk": 9,
  "fields": {
    "name": "Can add пункт меню ресторана",
    "content_type": 3,
    "codename": "add_restaurantmenuitem"
  }
},
{
  "model": "auth.permission",
  "pk": 10,
  "fields": {
    "name": "Can change пункт меню ресторана",
    "content_type": 3,
    "codename": "change_restaurantmenuitem"
  }
},
{
  "model": "auth.permission",
  "pk": 11,
  "fields": {
    "name": "Can delete пункт меню ресторана",
    "content_type": 3,
    "codename": "delete_restaurantmenuitem"
  }
},
{
  "model": "auth.permission",
  "pk": 12,
  "fields": {
    "name": "Can view пункт меню ресторана",
    "content_type": 3,
    "codename": "view_restaurantmenuitem"
  }
},
{
  "model": "auth.permission",
  "pk": 13,
  "fields": {
    "name": "Can add категория",
    "content_type": 4,
    "codename": "add_productcategory"
  }
},
{
  "model": "auth.permission",
  "pk": 14,
  "fields": {
    "name": "Can change категория",
    "content_type": 4,
    "codename": "change_productcategory"
  }
},
{
  "model": "auth.permission",
  "pk": 15,
  "fields": {
    "name": "Can delete категория",
    "content_type": 4,
    "codename": "delete_productcategory"
  }
},
{
  "model": "auth.permission",
  "pk": 16,
  "fields": {
    "name": "Can view категория",
    "content_type": 4,
    "codename": "view_productcategory"
  }
},
{
  "model": "auth.permission",
  "pk": 17,
  "fields": {
    "name": "Can add log entry",
    "content_type": 5,
    "codename": "add_logentry"
  }
},
{
  "model": "auth.permission",
  "pk": 18,
  "fields": {
    "name": "Can change log entry",
    "content_type": 5,
    "codename": "change_logentry"
  }
},
{
  "model": "auth.permission",
  "pk": 19,
  "fields": {
    "name": "Can delete log entry",
    "content_type": 5,
    "codename": "delete_logentry"
  }
},
{
  "model": "auth.permission",
  "pk": 20,
  "fields": {
    "name": "Can view log entry",
    "content_type": 5,
    "codename": "view_logentry"
  }
},
{
  "model": "auth.permission",
  "pk": 21,
  "fields": {
    "name": "Can add permission",
    "content_type": 6,
    "codename": "add_permission"
  }
},
{
  "model": "auth.permission",
  "pk": 22,
  "fields": {
    "name": "Can change permission",
    "content_type": 6,
    "codename": "change_permission"
  }
},
{
  "model": "auth.permission",
  "pk": 23,
  "fields": {
    "name": "Can delete permission",
    "content_type": 6,
    "codename": "delete_permission"
  }
},
{
  "model": "auth.permission",
  "pk": 24,
  "fields": {
    "name": "Can view permission",
    "content_type": 6,
    "codename": "view_permission"
  }
},
{
  "model": "auth.permission",
  "pk": 25,
  "fields": {
    "name": "Can add group",
    "content_type": 7,
    "codename": "add_group"
  }
},
{
  "model": "auth.permission",
  "pk": 26,
  "fields": {
    "name": "Can change group",
    "content_type": 7,
    "codename": "change_group"
  }
},
{
  "model": "auth.permission",
  "pk": 27,
  "fields": {
    "name": "Can delete group",
    "content_type": 7,
    "codename": "delete_group"
  }
},
{
  "model": "auth.permission",
  "pk": 28,
  "fields": {
    "name": "Can view group",
    "content_type": 7,
    "codename": "view_group"
  }
},
{
  "model": "auth.permission",
  "pk": 29,
  "fields": {
    "name": "Can add user",
    "content_type": 8,
    "codename": "add_user"
  }
},
{
  "model": "auth.permission",
  "pk": 30,
  "fields": {
    "name": "Can change user",
    "content_type": 8,
    "codename": "change_user"
  }
},
{
  "model": "auth.permission",
  "pk": 31,
  "fields": {
    "name": "Can delete user",
    "content_type": 8,
    "codename": "delete_user"
  }
},
{
  "model": "auth.permission",
  "pk": 32,
  "fields": {
    "name": "Can view user",
    "content_type": 8,
    "codename": "view_user"
  }
},
{
  "model": "auth.permission",
  "pk": 33,
  "fields": {
    "name": "Can add content type",
    "content_type": 9,
    "codename": "add_contenttype"
  }
},
{
  "model": "auth.permission",
  "pk": 34,
  "fields": {
    "name": "Can change content type",
    "content_type": 9,
    "codename": "change_contenttype"
  }
},
{
  "model": "auth.permission",
  "pk": 35,
  "fields": {
    "name": "Can delete content type",
    "content_type": 9,
    "codename": "delete_contenttype"
  }
},
{
  "model": "auth.permission",
  "pk": 36,
  "fields": {
    "name": "Can view content type",
    "content_type": 9,
    "codename": "view_contenttype"
  }
},
{
  "model": "auth.permission",
  "pk": 37,
  "fields": {
    "name": "Can add session",
    "content_type": 10,
    "codename": "add_session"
  }
},
{
  "model": "auth.permission",
  "pk": 38,
  "fields": {
    "name": "Can change session",
    "content_type": 10,
    "codename": "change_session"
  }
},
{
  "model": "auth.permission",
  "pk": 39,
  "fields": {
    "name": "Can delete session",
    "content_type": 10,
    "codename": "delete_session"
  }
},
{
  "model": "auth.permission",
  "pk": 40,
  "fields": {
    "name": "Can view session",
    "content_type": 10,
    "codename": "view_session"
  }
},
{
  "model": "auth.permission",
  "pk": 41,
  "fields": {
    "name": "Can add элемент заказа",
    "content_type": 11,
    "codename": "add_orderitem"
  }
},
{
  "model": "auth.permission",
  "pk": 42,
  "fields": {
    "name": "Can change элемент заказа",
    "content_type": 11,
    "codename": "change_orderitem"
  }
},
{
  "model": "auth.permission",
  "pk": 43,
  "fields": {
    "name": "Can delete элемент заказа",
    "content_type": 11,
    "codename": "delete_orderitem"
  }
},
{
  "model": "auth.permission",
  "pk": 44,
  "fields": {
    "name": "Can view элемент заказа",
    "content_type": 11,
    "codename": "view_orderitem"
  }
},
{
  "model": "auth.permission",
  "pk": 45,
  "fields": {
    "name": "Can add заказ",
    "content_type": 12,
    "codename": "add_order"
  }
},
{
  "model": "auth.permission",
  "pk": 46,
  "fields": {
    "name": "Can change заказ",
    "content_type": 12,
    "codename": "change_order"
  }
},
{
  "model": "auth.permission",
  "pk": 47,
  "fields": {
    "name": "Can delete заказ",
    "content_type": 12,
    "codename": "delete_order"
  }
},
{
  "model": "auth.permission",
  "pk": 48,
  "fields": {
    "name": "Can view заказ",
    "content_type": 12,
    "codename": "view_order"
  }
},
{
  "model": "auth.permission",
  "pk": 49,
  "fields": {
    "name": "Can add location",
    "content_type": 13,
    "codename": "add_location"
  }
},
{
  "model": "auth.permission",
  "pk": 50,
  "fields": {
    "name": "Can change location",
    "content_type": 13,
    "codename": "change_location"
  }
},
{
  "model": "auth.permission",
  "pk": 51,
  "fields": {
    "name": "Can delete location",
    "content_type": 13,
    "codename": "delete_location"
  }
},
{
  "model": "auth.permission",
  "pk": 52,
  "fields": {
    "name": "Can view location",
    "content_type": 13,
    "codename": "view_location"
  }
},
{
  "model": "auth.user",
  "pk": 1,
  "fields": {
    "password": "pbkdf2_sha256$260000$I54CLb0LGwyz100R1pinv0$nSGhW2bQ52hOsgisROabrUqwI2XcduDOqOJblAu+XGs=",
    "last_login": "2023-07-11T18:23:52.035Z",
    "is_superuser": true,
    "username": "mulch",
    "first_name": "",
    "last_name": "",
    "email": "1@r.ru",
    "is_staff": true,
    "is_active": true,
    "date_joined": "2023-06-13T07:35:26.517Z",
    "groups": [],
    "user_permissions": []
  }
},
{
  "model": "auth.user",
  "pk": 2,
  "fields": {
    "password": "",
    "last_login": null,
    "is_superuser": false,
    "username": "test",
    "first_name": "",
    "last_name": "",
    "email": "2@test.ru",
    "is_staff": true,
    "is_active": true,
    "date_joined": "2023-06-13T14:06:16.676Z",
    "groups": [],
    "user_permissions": []
  }
},
{
  "model": "sessions.session",
  "pk": "9qzfwlyrhqxwrpuxf0nfah9o9xzj6tsq",
  "fields": {
    "session_data": ".eJxVjMEOwiAQRP-FsyFlC6V49N5vIAu7SNVAUtqT8d9tkx70OPPezFt43Nbst8aLn0lchRKX3y5gfHI5AD2w3KuMtazLHOShyJM2OVXi1-10_w4ytryvRwZHzlikmEiNjB31mjiEIQGpkAYIulfRaM0ACNpZiFaRgT1F07H4fAEGtThO:1qIun4:u5zmwHIjl2hUDaj58BDl696R5H47dVl0WuZQdAa7lpA",
    "expire_date": "2023-07-24T17:35:14.570Z"
  }
},
{
  "model": "sessions.session",
  "pk": "a49krlz3lcrn89amkyy3nkrlnzbj5p1r",
  "fields": {
    "session_data": ".eJxVjMEOwiAQRP-FsyFlC6V49N5vIAu7SNVAUtqT8d9tkx70OPPezFt43Nbst8aLn0lchRKX3y5gfHI5AD2w3KuMtazLHOShyJM2OVXi1-10_w4ytryvRwZHzlikmEiNjB31mjiEIQGpkAYIulfRaM0ACNpZiFaRgT1F07H4fAEGtThO:1q9Tdw:i12q-v23t7CHBcU246Wbis-VAjKZPV9CBLOdxXNZH0M",
    "expire_date": "2023-06-28T16:46:48.372Z"
  }
},
{
  "model": "sessions.session",
  "pk": "cl4s891dfgs3us9vfgk7jyzl4zpeimci",
  "fields": {
    "session_data": ".eJxVjMEOwiAQRP-FsyFlC6V49N5vIAu7SNVAUtqT8d9tkx70OPPezFt43Nbst8aLn0lchRKX3y5gfHI5AD2w3KuMtazLHOShyJM2OVXi1-10_w4ytryvRwZHzlikmEiNjB31mjiEIQGpkAYIulfRaM0ACNpZiFaRgT1F07H4fAEGtThO:1qJI1g:9JKVPFx6X5ZrsUh877HmijeQTj2qYRPzPaEQGLGCydM",
    "expire_date": "2023-07-25T18:23:52.683Z"
  }
},
{
  "model": "sessions.session",
  "pk": "i6yai2sj976skeo3xdf62hg1ppw6bvhk",
  "fields": {
    "session_data": ".eJxVjMEOwiAQRP-FsyFlC6V49N5vIAu7SNVAUtqT8d9tkx70OPPezFt43Nbst8aLn0lchRKX3y5gfHI5AD2w3KuMtazLHOShyJM2OVXi1-10_w4ytryvRwZHzlikmEiNjB31mjiEIQGpkAYIulfRaM0ACNpZiFaRgT1F07H4fAEGtThO:1qJI1f:JZBjt7bZxkyCiIXBfuFab0e4SQIoturkpL4iM8SVLuo",
    "expire_date": "2023-07-25T18:23:51.769Z"
  }
},
{
  "model": "sessions.session",
  "pk": "pbt5sgmi29qkui7j8au7bs5zx8qt8pjz",
  "fields": {
    "session_data": ".eJxVjMEOwiAQRP-FsyFlC6V49N5vIAu7SNVAUtqT8d9tkx70OPPezFt43Nbst8aLn0lchRKX3y5gfHI5AD2w3KuMtazLHOShyJM2OVXi1-10_w4ytryvRwZHzlikmEiNjB31mjiEIQGpkAYIulfRaM0ACNpZiFaRgT1F07H4fAEGtThO:1qHitW:qg710jZAdW8wmYn37AaUe42SU6-ASnKeEwx-li6v6aI",
    "expire_date": "2023-07-21T10:40:58.537Z"
  }
},
{
  "model": "sessions.session",
  "pk": "sq0zluir1ra6uou4xo4avjiqs9egkliw",
  "fields": {
    "session_data": ".eJxVjMEOwiAQRP-FsyFlC6V49N5vIAu7SNVAUtqT8d9tkx70OPPezFt43Nbst8aLn0lchRKX3y5gfHI5AD2w3KuMtazLHOShyJM2OVXi1-10_w4ytryvRwZHzlikmEiNjB31mjiEIQGpkAYIulfRaM0ACNpZiFaRgT1F07H4fAEGtThO:1qBw6p:tSSPVZ7cKxqSCjcUSrAgrUwG_ghaDLsKIfkZEmWHBBs",
    "expire_date": "2023-07-05T11:34:47.752Z"
  }
},
{
  "model": "sessions.session",
  "pk": "swvvkxmmfnapfvkym7dm3wyfw1gv7k8k",
  "fields": {
    "session_data": ".eJxVjMEOwiAQRP-FsyFlC6V49N5vIAu7SNVAUtqT8d9tkx70OPPezFt43Nbst8aLn0lchRKX3y5gfHI5AD2w3KuMtazLHOShyJM2OVXi1-10_w4ytryvRwZHzlikmEiNjB31mjiEIQGpkAYIulfRaM0ACNpZiFaRgT1F07H4fAEGtThO:1qHiqP:JvcYzPkPTmInyuCxNn4AoS3Bs1t0q97OjFGIV4hw_8I",
    "expire_date": "2023-07-21T10:37:45.927Z"
  }
},
{
  "model": "sessions.session",
  "pk": "tmzqympyq3usqb4mh5pha78r8yaeez6q",
  "fields": {
    "session_data": ".eJxVjMEOwiAQRP-FsyFlC6V49N5vIAu7SNVAUtqT8d9tkx70OPPezFt43Nbst8aLn0lchRKX3y5gfHI5AD2w3KuMtazLHOShyJM2OVXi1-10_w4ytryvRwZHzlikmEiNjB31mjiEIQGpkAYIulfRaM0ACNpZiFaRgT1F07H4fAEGtThO:1qIun4:u5zmwHIjl2hUDaj58BDl696R5H47dVl0WuZQdAa7lpA",
    "expire_date": "2023-07-24T17:35:14.352Z"
  }
},
{
  "model": "sessions.session",
  "pk": "u41afbrz9yw699eszzfcjymp4a3r8s9y",
  "fields": {
    "session_data": ".eJxVjMEOwiAQRP-FsyFlC6V49N5vIAu7SNVAUtqT8d9tkx70OPPezFt43Nbst8aLn0lchRKX3y5gfHI5AD2w3KuMtazLHOShyJM2OVXi1-10_w4ytryvRwZHzlikmEiNjB31mjiEIQGpkAYIulfRaM0ACNpZiFaRgT1F07H4fAEGtThO:1qAEwt:49HcOzyczSF_ZI-f5_t3go1UWrllz7fdl_qFCvrZiZg",
    "expire_date": "2023-06-30T19:17:31.578Z"
  }
},
{
  "model": "sessions.session",
  "pk": "ydjm55vp21w8gq77585b42ng9ji8pebm",
  "fields": {
    "session_data": ".eJxVjMEOwiAQRP-FsyFlC6V49N5vIAu7SNVAUtqT8d9tkx70OPPezFt43Nbst8aLn0lchRKX3y5gfHI5AD2w3KuMtazLHOShyJM2OVXi1-10_w4ytryvRwZHzlikmEiNjB31mjiEIQGpkAYIulfRaM0ACNpZiFaRgT1F07H4fAEGtThO:1q94da:h7GlY5kOgaSkx0hPvwF10bpBH9TBhnsRoS_b7pfGsZY",
    "expire_date": "2023-06-27T14:04:46.728Z"
  }
}
]
